publications,authors,log_publications,log_authors,fitted_distribution,lotka_exponent,theoretical_distribution
1,4253,0.0,3.628695382714023,1817.5363814048774,2.1496851363745306,4253.0
2,778,0.3010299956639812,2.890979596989689,409.6032609989671,2.1496851363745306,1063.25
3,241,0.47712125471966244,2.3820170425748683,171.32575064951658,2.1496851363745306,472.55555555555554
4,127,0.6020599913279624,2.103803720955957,92.30892604818474,2.1496851363745306,265.8125
5,75,0.6989700043360189,1.8750612633917,57.13703287721461,2.1496851363745306,170.12
6,39,0.7781512503836436,1.591064607026499,38.61027865912386,2.1496851363745306,118.13888888888889
7,23,0.8450980400142568,1.3617278360175928,27.71969308642004,2.1496851363745306,86.79591836734694
8,23,0.9030899869919435,1.3617278360175928,20.802905248820093,2.1496851363745306,66.453125
9,11,0.9542425094393249,1.0413926851582251,16.14961501509648,2.1496851363745306,52.50617283950617
10,16,1.0,1.2041199826559248,12.876504277852426,2.1496851363745306,42.53
11,5,1.0413926851582251,0.6989700043360189,10.490996361928897,2.1496851363745306,35.14876033057851
12,7,1.0791812460476249,0.8450980400142568,8.701281695737904,2.1496851363745306,29.53472222222222
13,3,1.1139433523068367,0.47712125471966244,7.325809913582226,2.1496851363745306,25.16568047337278
14,4,1.146128035678238,0.6020599913279624,6.2469597848225575,2.1496851363745306,21.698979591836736
16,3,1.2041199826559248,0.47712125471966244,4.688180063599564,2.1496851363745306,16.61328125
17,2,1.2304489213782739,0.3010299956639812,4.1153365321308,2.1496851363745306,14.716262975778546
18,2,1.255272505103306,0.3010299956639812,3.6395062248758667,2.1496851363745306,13.126543209876543
19,2,1.2787536009528289,0.3010299956639812,3.2401528933959702,2.1496851363745306,11.781163434903046
21,1,1.3222192947339193,0.0,2.6129310391763827,2.1496851363745306,9.643990929705215
28,1,1.4471580313422192,0.0,1.4078260690522753,2.1496851363745306,5.424744897959184
29,1,1.462397997898956,0.0,1.3055330580696778,2.1496851363745306,5.057074910820452
37,1,1.568201724066995,0.0,0.7732913919613748,2.1496851363745306,3.1066471877282686
38,1,1.5797835966168101,0.0,0.7302066714309053,2.1496851363745306,2.9452908587257616
41,1,1.6127838567197355,0.0,0.6201626800622001,2.1496851363745306,2.5300416418798335
55,1,1.7403626894942439,0.0,0.32980049817926665,2.1496851363745306,1.4059504132231404
75,1,1.8750612633917,0.0,0.16931357708160963,2.1496851363745306,0.7560888888888889
