year,records,is_partial_year,year_label,price_fit,exponential_growth_rate,fit_note,panel,bradford_zone,sources,zone_label,record_share,publications,authors,log_publications,log_authors,fitted_distribution,lotka_exponent,theoretical_distribution,citation_group,share
2016,53,False,2016,40.28219047950074,0.30416193080370535,Exponential fit excludes the incomplete 2026 record.,price_law,,,,,,,,,,,,,
2017,62,False,2017,52.53449931274833,0.30416193080370535,Exponential fit excludes the incomplete 2026 record.,price_law,,,,,,,,,,,,,
2018,72,False,2018,68.51349405751981,0.30416193080370535,Exponential fit excludes the incomplete 2026 record.,price_law,,,,,,,,,,,,,
2019,102,False,2019,89.35269069616324,0.30416193080370535,Exponential fit excludes the incomplete 2026 record.,price_law,,,,,,,,,,,,,
2020,82,False,2020,116.53037762081453,0.30416193080370535,Exponential fit excludes the incomplete 2026 record.,price_law,,,,,,,,,,,,,
2021,109,False,2021,151.9744822752464,0.30416193080370535,Exponential fit excludes the incomplete 2026 record.,price_law,,,,,,,,,,,,,
2022,109,False,2022,198.19933423697887,0.30416193080370535,Exponential fit excludes the incomplete 2026 record.,price_law,,,,,,,,,,,,,
2023,219,False,2023,258.4840264225073,0.30416193080370535,Exponential fit excludes the incomplete 2026 record.,price_law,,,,,,,,,,,,,
2024,444,False,2024,337.10502698109315,0.30416193080370535,Exponential fit excludes the incomplete 2026 record.,price_law,,,,,,,,,,,,,
2025,762,False,2025,439.6395428712977,0.30416193080370535,Exponential fit excludes the incomplete 2026 record.,price_law,,,,,,,,,,,,,
2026,357,True,2026*,573.3611550886901,0.30416193080370535,Exponential fit excludes the incomplete 2026 record.,price_law,,,,,,,,,,,,,
,789,,,,,,bradford_zones,1.0,21.0,Zone 1,0.33503184713375794,,,,,,,,,
,782,,,,,,bradford_zones,2.0,139.0,Zone 2,0.33205944798301484,,,,,,,,,
,784,,,,,,bradford_zones,3.0,664.0,Zone 3,0.33290870488322716,,,,,,,,,
,,,,,,,lotka_law,,,,,1.0,4253.0,0.0,3.628695382714023,1817.5363814048774,2.1496851363745306,4253.0,,
,,,,,,,lotka_law,,,,,2.0,778.0,0.3010299956639812,2.890979596989689,409.6032609989671,2.1496851363745306,1063.25,,
,,,,,,,lotka_law,,,,,3.0,241.0,0.47712125471966244,2.3820170425748683,171.32575064951658,2.1496851363745306,472.55555555555554,,
,,,,,,,lotka_law,,,,,4.0,127.0,0.6020599913279624,2.103803720955957,92.30892604818474,2.1496851363745306,265.8125,,
,,,,,,,lotka_law,,,,,5.0,75.0,0.6989700043360189,1.8750612633917,57.13703287721461,2.1496851363745306,170.12,,
,,,,,,,lotka_law,,,,,6.0,39.0,0.7781512503836436,1.591064607026499,38.61027865912386,2.1496851363745306,118.13888888888889,,
,,,,,,,lotka_law,,,,,7.0,23.0,0.8450980400142568,1.3617278360175928,27.71969308642004,2.1496851363745306,86.79591836734694,,
,,,,,,,lotka_law,,,,,8.0,23.0,0.9030899869919435,1.3617278360175928,20.802905248820093,2.1496851363745306,66.453125,,
,,,,,,,lotka_law,,,,,9.0,11.0,0.9542425094393249,1.0413926851582251,16.14961501509648,2.1496851363745306,52.50617283950617,,
,,,,,,,lotka_law,,,,,10.0,16.0,1.0,1.2041199826559248,12.876504277852426,2.1496851363745306,42.53,,
,,,,,,,lotka_law,,,,,11.0,5.0,1.0413926851582251,0.6989700043360189,10.490996361928897,2.1496851363745306,35.14876033057851,,
,,,,,,,lotka_law,,,,,12.0,7.0,1.0791812460476249,0.8450980400142568,8.701281695737904,2.1496851363745306,29.53472222222222,,
,,,,,,,lotka_law,,,,,13.0,3.0,1.1139433523068367,0.47712125471966244,7.325809913582226,2.1496851363745306,25.16568047337278,,
,,,,,,,lotka_law,,,,,14.0,4.0,1.146128035678238,0.6020599913279624,6.2469597848225575,2.1496851363745306,21.698979591836736,,
,,,,,,,lotka_law,,,,,16.0,3.0,1.2041199826559248,0.47712125471966244,4.688180063599564,2.1496851363745306,16.61328125,,
,,,,,,,lotka_law,,,,,17.0,2.0,1.2304489213782739,0.3010299956639812,4.1153365321308,2.1496851363745306,14.716262975778546,,
,,,,,,,lotka_law,,,,,18.0,2.0,1.255272505103306,0.3010299956639812,3.6395062248758667,2.1496851363745306,13.126543209876543,,
,,,,,,,lotka_law,,,,,19.0,2.0,1.2787536009528289,0.3010299956639812,3.2401528933959702,2.1496851363745306,11.781163434903046,,
,,,,,,,lotka_law,,,,,21.0,1.0,1.3222192947339193,0.0,2.6129310391763827,2.1496851363745306,9.643990929705215,,
,,,,,,,lotka_law,,,,,28.0,1.0,1.4471580313422192,0.0,1.4078260690522753,2.1496851363745306,5.424744897959184,,
,,,,,,,lotka_law,,,,,29.0,1.0,1.462397997898956,0.0,1.3055330580696778,2.1496851363745306,5.057074910820452,,
,,,,,,,lotka_law,,,,,37.0,1.0,1.568201724066995,0.0,0.7732913919613748,2.1496851363745306,3.1066471877282686,,
,,,,,,,lotka_law,,,,,38.0,1.0,1.5797835966168101,0.0,0.7302066714309053,2.1496851363745306,2.9452908587257616,,
,,,,,,,lotka_law,,,,,41.0,1.0,1.6127838567197355,0.0,0.6201626800622001,2.1496851363745306,2.5300416418798335,,
,,,,,,,lotka_law,,,,,55.0,1.0,1.7403626894942439,0.0,0.32980049817926665,2.1496851363745306,1.4059504132231404,,
,,,,,,,lotka_law,,,,,75.0,1.0,1.8750612633917,0.0,0.16931357708160963,2.1496851363745306,0.7560888888888889,,
,1486,,,,,,citation_distribution,,,,,,,,,,,,0,0.6267397722479966
,171,,,,,,citation_distribution,,,,,,,,,,,,1,0.07212146773513285
,243,,,,,,citation_distribution,,,,,,,,,,,,2-4,0.10248840151834669
,171,,,,,,citation_distribution,,,,,,,,,,,,5-9,0.07212146773513285
,156,,,,,,citation_distribution,,,,,,,,,,,,10-24,0.0657950231969633
,86,,,,,,citation_distribution,,,,,,,,,,,,25-49,0.036271615352172076
,31,,,,,,citation_distribution,,,,,,,,,,,,50-99,0.013074652045550401
,27,,,,,,citation_distribution,,,,,,,,,,,,100+,0.011387600168705188
