source,records,rank,cumulative_records,bradford_zone
ACM TRANS. COMPUT. EDUC.,144,1,144,1
J. COMPUT. SCI. COLL.,118,2,262,1
PROCEEDINGS OF THE 57TH ACM TECHNICAL SYMPOSIUM ON COMPUTER SCIENCE EDUCATION V.2,78,3,340,1
ACM INTERNATIONAL CONFERENCE PROCEEDING SERIES,42,4,382,1
PROCEEDINGS OF THE 56TH ACM TECHNICAL SYMPOSIUM ON COMPUTER SCIENCE EDUCATION V. 2,40,5,422,1
"ANNUAL CONFERENCE ON INNOVATION AND TECHNOLOGY IN COMPUTER SCIENCE EDUCATION, ITICSE",38,6,460,1
"PROCEEDINGS - FRONTIERS IN EDUCATION CONFERENCE, FIE",30,7,490,1
IEEE ACCESS,27,8,517,1
PROCEEDINGS OF THE 56TH ACM TECHNICAL SYMPOSIUM ON COMPUTER SCIENCE EDUCATION V. 1,27,9,544,1
LECTURE NOTES IN COMPUTER SCIENCE,26,10,570,1
PROC. ACM HUM.-COMPUT. INTERACT.,25,11,595,1
PROCEEDINGS OF THE 57TH ACM TECHNICAL SYMPOSIUM ON COMPUTER SCIENCE EDUCATION V.1,25,12,620,1
"PROCEEDINGS OF THE 57TH ACM TECHNICAL SYMPOSIUM ON COMPUTER SCIENCE EDUCATION V.1, SIGCSE TS 2026",24,13,644,1
"PROCEEDINGS OF THE 56TH ACM TECHNICAL SYMPOSIUM ON COMPUTER SCIENCE EDUCATION, SIGCSE TS 2025, VOL 1",22,14,666,1
EDUCATION AND INFORMATION TECHNOLOGIES,20,15,686,1
COMMUNICATIONS IN COMPUTER AND INFORMATION SCIENCE,19,16,705,1
LECTURE NOTES IN COMPUTER SCIENCE (INCLUDING SUBSERIES LECTURE NOTES IN ARTIFICIAL INTELLIGENCE AND LECTURE NOTES IN BIOINFORMATICS),18,17,723,1
"PROCEEDINGS OF THE 55TH ACM TECHNICAL SYMPOSIUM ON COMPUTER SCIENCE EDUCATION, SIGCSE 2024, VOL. 1",17,18,740,1
"PROCEEDINGS OF THE 30TH ACM CONFERENCE ON INNOVATION AND TECHNOLOGY IN COMPUTER SCIENCE EDUCATION VOL 1, ITICSE 2025",17,19,757,1
ACM TRANS. SOFTW. ENG. METHODOL.,16,20,773,1
SIGCSE 2024 - PROCEEDINGS OF THE 55TH ACM TECHNICAL SYMPOSIUM ON COMPUTER SCIENCE EDUCATION,16,21,789,1
"IEEE GLOBAL ENGINEERING EDUCATION CONFERENCE, EDUCON",14,22,803,2
SIGCSE TS 2025 - PROCEEDINGS OF THE 56TH ACM TECHNICAL SYMPOSIUM ON COMPUTER SCIENCE EDUCATION,14,23,817,2
SIGCSE TS 2026 - PROCEEDINGS OF THE 57TH ACM TECHNICAL SYMPOSIUM ON COMPUTER SCIENCE EDUCATION V.2,14,24,831,2
PROCEEDINGS OF THE 55TH ACM TECHNICAL SYMPOSIUM ON COMPUTER SCIENCE EDUCATION V. 2,13,25,844,2
PROCEEDINGS OF THE 2026 CHI CONFERENCE ON HUMAN FACTORS IN COMPUTING SYSTEMS,13,26,857,2
ACM TRANSACTIONS ON COMPUTING EDUCATION,12,27,869,2
PROCEEDINGS OF THE 55TH ACM TECHNICAL SYMPOSIUM ON COMPUTER SCIENCE EDUCATION V. 1,12,28,881,2
"PROCEEDINGS OF THE 2024 CONFERENCE INNOVATION AND TECHNOLOGY IN COMPUTER SCIENCE EDUCATION, VOL 1, ITICSE 2024",12,29,893,2
PROCEEDINGS OF THE 2024 ON INNOVATION AND TECHNOLOGY IN COMPUTER SCIENCE EDUCATION V. 1,12,30,905,2
"PROCEEDINGS OF 25TH INTERNATIONAL CONFERENCE ON COMPUTING EDUCATION RESEARCH, KOLI CALLING 2025",12,31,917,2
CONFERENCE ON HUMAN FACTORS IN COMPUTING SYSTEMS - PROCEEDINGS,11,32,928,2
PROCEEDINGS OF THE 30TH ACM CONFERENCE ON INNOVATION AND TECHNOLOGY IN COMPUTER SCIENCE EDUCATION V. 1,11,33,939,2
PROCEEDINGS OF THE ACM GLOBAL COMPUTING EDUCATION CONFERENCE 2025 - VOLUME 1,11,34,950,2
PROCEEDINGS OF THE 25TH KOLI CALLING INTERNATIONAL CONFERENCE ON COMPUTING EDUCATION RESEARCH,11,35,961,2
SIGCSE TS 2026 - PROCEEDINGS OF THE 57TH ACM TECHNICAL SYMPOSIUM ON COMPUTER SCIENCE EDUCATION V.1,10,36,971,2
JOURNAL OF COMPUTER ASSISTED LEARNING,9,37,980,2
PROC. ACM PROGRAM. LANG.,9,38,989,2
SIGCSE `19: PROCEEDINGS OF THE 50TH ACM TECHNICAL SYMPOSIUM ON COMPUTER SCIENCE EDUCATION,9,39,998,2
SIGCSE 2020: PROCEEDINGS OF THE 51ST ACM TECHNICAL SYMPOSIUM ON COMPUTER SCIENCE EDUCATION,9,40,1007,2
PROCEEDINGS OF THE 54TH ACM TECHNICAL SYMPOSIUM ON COMPUTER SCIENCE EDUCATION V. 1,9,41,1016,2
PROCEEDINGS OF THE 30TH ACM CONFERENCE ON INNOVATION AND TECHNOLOGY IN COMPUTER SCIENCE EDUCATION V. 2,9,42,1025,2
"PROCEEDINGS OF THE 30TH ACM CONFERENCE ON INNOVATION AND TECHNOLOGY IN COMPUTER SCIENCE EDUCATION VOL 2, ITICSE 2025",9,43,1034,2
PROCEEDINGS OF THE EXTENDED ABSTRACTS OF THE 2026 CHI CONFERENCE ON HUMAN FACTORS IN COMPUTING SYSTEMS,9,44,1043,2
APPLIED SCIENCES (SWITZERLAND),9,45,1052,2
CEUR WORKSHOP PROCEEDINGS,9,46,1061,2
LECTURE NOTES IN NETWORKS AND SYSTEMS,8,47,1069,2
COMPUTER SCIENCE EDUCATION,8,48,1077,2
IEEE TRANSACTIONS ON EDUCATION,8,49,1085,2
ACM COMPUT. SURV.,8,50,1093,2
PROCEEDINGS OF THE 53RD ACM TECHNICAL SYMPOSIUM ON COMPUTER SCIENCE EDUCATION - VOLUME 1,8,51,1101,2
PROCEEDINGS OF THE 2025 CHI CONFERENCE ON HUMAN FACTORS IN COMPUTING SYSTEMS,8,52,1109,2
PROCEEDINGS OF THE 2025 CONFERENCE ON UK AND IRELAND COMPUTING EDUCATION RESEARCH,8,53,1117,2
JOURNAL OF EDUCATIONAL COMPUTING RESEARCH,8,54,1125,2
COMPUTERS AND EDUCATION: ARTIFICIAL INTELLIGENCE,7,55,1132,2
INTERACTIVE LEARNING ENVIRONMENTS,7,56,1139,2
IEEE TRANSACTIONS ON LEARNING TECHNOLOGIES,7,57,1146,2
SIGCSE'18: PROCEEDINGS OF THE 49TH ACM TECHNICAL SYMPOSIUM ON COMPUTER SCIENCE EDUCATION,7,58,1153,2
PROCEEDINGS - INTERNATIONAL CONFERENCE ON SOFTWARE ENGINEERING,7,59,1160,2
"PROCEEDINGS OF THE 2024 CONFERENCE INNOVATION AND TECHNOLOGY IN COMPUTER SCIENCE EDUCATION, VOL 2, ITICSE 2024",7,60,1167,2
PROCEEDINGS OF THE 2025 ACM CONFERENCE ON INTERNATIONAL COMPUTING EDUCATION RESEARCH V.1,7,61,1174,2
PROCEEDINGS OF THE 2025 ACM CONFERENCE ON INTERNATIONAL COMPUTING EDUCATION RESEARCH V.2,7,62,1181,2
ACE 2026 - PROCEEDINGS OF THE 28TH AUSTRALASIAN COMPUTING EDUCATION CONFERENCE,7,63,1188,2
ACM TRANS. COMPUT.-HUM. INTERACT.,6,64,1194,2
PROCEEDINGS OF THE 51ST ACM TECHNICAL SYMPOSIUM ON COMPUTER SCIENCE EDUCATION,6,65,1200,2
"PROCEEDINGS OF THE 52ND ACM TECHNICAL SYMPOSIUM ON COMPUTER SCIENCE EDUCATION, SIGCSE 2021",6,66,1206,2
"PROCEEDINGS OF THE 54TH ACM TECHNICAL SYMPOSIUM ON COMPUTER SCIENCE EDUCATION, VOL 2, SIGCSE 2023",6,67,1212,2
"PROCEEDINGS OF THE 2023 CONFERENCE ON INNOVATION AND TECHNOLOGY IN COMPUTER SCIENCE EDUCATION, ITICSE 2023, VOL. 2",6,68,1218,2
ICER 2024 - ACM CONFERENCE ON INTERNATIONAL COMPUTING EDUCATION RESEARCH,6,69,1224,2
"ASEE ANNUAL CONFERENCE AND EXPOSITION, CONFERENCE PROCEEDINGS",6,70,1230,2
COMPUTERS,6,71,1236,2
EDUCATION SCIENCES,6,72,1242,2
COMPUTER APPLICATIONS IN ENGINEERING EDUCATION,5,73,1247,2
2019 IEEE FRONTIERS IN EDUCATION CONFERENCE (FIE),5,74,1252,2
"2024 IEEE FRONTIERS IN EDUCATION CONFERENCE, FIE",5,75,1257,2
PROCEEDINGS OF THE 47TH ACM TECHNICAL SYMPOSIUM ON COMPUTING SCIENCE EDUCATION,5,76,1262,2
ITICSE'17: PROCEEDINGS OF THE 2017 ACM CONFERENCE ON INNOVATION AND TECHNOLOGY IN COMPUTER SCIENCE EDUCATION,5,77,1267,2
PROCEEDINGS OF THE 50TH ACM TECHNICAL SYMPOSIUM ON COMPUTER SCIENCE EDUCATION,5,78,1272,2
"PROCEEDINGS OF THE 2020 ACM CONFERENCE ON INNOVATION AND TECHNOLOGY IN COMPUTER SCIENCE EDUCATION, ITICSE 2020",5,79,1277,2
"PROCEEDINGS OF THE 26TH ACM CONFERENCE ON INNOVATION AND TECHNOLOGY IN COMPUTER SCIENCE EDUCATION, ITICSE 2021, VOL 1",5,80,1282,2
"PROCEEDINGS OF THE 53RD ACM TECHNICAL SYMPOSIUM ON COMPUTER SCIENCE EDUCATION (SIGCSE 2022), VOL 1",5,81,1287,2
"PROCEEDINGS OF THE 27TH ACM CONFERENCE ON INNOVATION AND TECHNOLOGY IN COMPUTER SCIENCE EDUCATION, ITICSE 2022, VOL 1",5,82,1292,2
"PROCEEDINGS OF THE 54TH ACM TECHNICAL SYMPOSIUM ON COMPUTER SCIENCE EDUCATION, VOL 1, SIGCSE 2023",5,83,1297,2
SIGCSE 2023 - PROCEEDINGS OF THE 54TH ACM TECHNICAL SYMPOSIUM ON COMPUTER SCIENCE EDUCATION,5,84,1302,2
PROCEEDINGS OF THE 2023 ACM CONFERENCE ON INTERNATIONAL COMPUTING EDUCATION RESEARCH - VOLUME 2,5,85,1307,2
"PROCEEDINGS OF THE 2023 CONFERENCE ON INNOVATION AND TECHNOLOGY IN COMPUTER SCIENCE EDUCATION, ITICSE 2023, VOL 1",5,86,1312,2
PROCEEDINGS OF THE 2023 CONFERENCE ON INNOVATION AND TECHNOLOGY IN COMPUTER SCIENCE EDUCATION V. 1,5,87,1317,2
PROCEEDINGS OF THE 24TH KOLI CALLING INTERNATIONAL CONFERENCE ON COMPUTING EDUCATION RESEARCH,5,88,1322,2
"ACE 2025 - PROCEEDINGS OF THE 27TH AUSTRALASIAN COMPUTING EDUCATION CONFERENCE, HELD IN CONJUNCTION WITH: AUSTRALASIAN COMPUTER SCIENCE WEEK",5,89,1327,2
PROCEEDINGS OF THE ACM GLOBAL COMPUTING EDUCATION CONFERENCE 2025 - VOLUME 2,5,90,1332,2
PROCEEDINGS OF THE 28TH AUSTRALASIAN COMPUTING EDUCATION CONFERENCE,5,91,1337,2
PROCEEDINGS OF THE INTERNATIONAL CONFERENCE ON EDUCATIONAL DATA MINING,5,92,1342,2
INTERNATIONAL JOURNAL OF ARTIFICIAL INTELLIGENCE IN EDUCATION,4,93,1346,2
COMPUTERS AND EDUCATION OPEN,4,94,1350,2
2018 IEEE FRONTIERS IN EDUCATION CONFERENCE (FIE),4,95,1354,2
2023 IEEE FRONTIERS IN EDUCATION CONFERENCE (FIE),4,96,1358,2
"2025 15TH IEEE INTEGRATED STEM EDUCATION CONFERENCE, ISEC 2025",4,97,1362,2
"PROCEEDINGS OF IEEE SYMPOSIUM ON VISUAL LANGUAGES AND HUMAN-CENTRIC COMPUTING, VL/HCC",4,98,1366,2
PROCEEDINGS OF THE 2016 ACM CONFERENCE ON INNOVATION AND TECHNOLOGY IN COMPUTER SCIENCE EDUCATION,4,99,1370,2
ITICSE'18: PROCEEDINGS OF THE 23RD ANNUAL ACM CONFERENCE ON INNOVATION AND TECHNOLOGY IN COMPUTER SCIENCE EDUCATION,4,100,1374,2
PROCEEDINGS OF THE 2019 ACM CONFERENCE ON INNOVATION AND TECHNOLOGY IN COMPUTER SCIENCE EDUCATION,4,101,1378,2
PROCEEDINGS OF THE 52ND ACM TECHNICAL SYMPOSIUM ON COMPUTER SCIENCE EDUCATION,4,102,1382,2
PROCEEDINGS OF THE 27TH ACM CONFERENCE ON ON INNOVATION AND TECHNOLOGY IN COMPUTER SCIENCE EDUCATION VOL. 1,4,103,1386,2
PROCEEDINGS OF THE 54TH ACM TECHNICAL SYMPOSIUM ON COMPUTER SCIENCE EDUCATION V. 2,4,104,1390,2
COMPED 2023 - PROCEEDINGS OF THE ACM CONFERENCE ON GLOBAL COMPUTING EDUCATION,4,105,1394,2
"INTERNATIONAL CONFERENCE ON INTELLIGENT USER INTERFACES, PROCEEDINGS IUI",4,106,1398,2
SIGCSE VIRTUAL 2024 - PROCEEDINGS OF THE 2024 ACM VIRTUAL GLOBAL COMPUTING EDUCATION CONFERENCE V. 1,4,107,1402,2
PROCEEDINGS OF THE ELEVENTH ACM CONFERENCE ON LEARNING @ SCALE,4,108,1406,2
L@S 2024 - PROCEEDINGS OF THE 11TH ACM CONFERENCE ON LEARNING @ SCALE,4,109,1410,2
PROCEEDINGS OF THE EXTENDED ABSTRACTS OF THE CHI CONFERENCE ON HUMAN FACTORS IN COMPUTING SYSTEMS,4,110,1414,2
PROCEEDINGS OF THE 2025 WORKING GROUP REPORTS ON INNOVATION AND TECHNOLOGY IN COMPUTER SCIENCE EDUCATION,4,111,1418,2
PROCEEDINGS OF THE LAK26: 16TH INTERNATIONAL LEARNING ANALYTICS AND KNOWLEDGE CONFERENCE,4,112,1422,2
PROCEEDINGS OF THE 2026 2ND INTERNATIONAL CONFERENCE ON DIGITAL EDUCATION AND INFORMATION TECHNOLOGY,4,113,1426,2
INTERNATIONAL JOURNAL OF STEM EDUCATION,4,114,1430,2
PROCEEDINGS OF THE AAAI CONFERENCE ON ARTIFICIAL INTELLIGENCE,4,115,1434,2
INFORMATION (SWITZERLAND),4,116,1438,2
OPENACCESS SERIES IN INFORMATICS,4,117,1442,2
"GENERATIVE SYSTEMS AND INTELLIGENT TUTORING SYSTEMS, ITS 2025, PT I",3,118,1445,2
"ARTIFICIAL INTELLIGENCE IN EDUCATION, AIED 2025, PT V",3,119,1448,2
COMPUTERS AND EDUCATION,3,120,1451,2
"4TH INTERNATIONAL SEMINAR OF MATHEMATICS, SCIENCE AND COMPUTER SCIENCE EDUCATION",3,121,1454,2
"SOFTWARE ENGINEERING EDUCATION CONFERENCE, PROCEEDINGS",3,122,1457,2
"2025 7TH INTERNATIONAL CONFERENCE ON COMPUTER SCIENCE AND TECHNOLOGIES IN EDUCATION, CSTE 2025",3,123,1460,2
2017 IEEE FRONTIERS IN EDUCATION CONFERENCE (FIE),3,124,1463,2
2020 IEEE FRONTIERS IN EDUCATION CONFERENCE (FIE),3,125,1466,2
"2025 10TH INTERNATIONAL CONFERENCE ON DISTANCE EDUCATION AND LEARNING, ICDEL 2025",3,126,1469,2
"PROCEEDINGS OF THE 2025 17TH INTERNATIONAL CONFERENCE ON EDUCATION TECHNOLOGY AND COMPUTERS, ICETC 2025",3,127,1472,2
"TALE 2025 - 2025 IEEE INTERNATIONAL CONFERENCE ON TEACHING, ASSESSMENT, AND LEARNING FOR ENGINEERING, PROCEEDINGS",3,128,1475,2
BRITISH JOURNAL OF EDUCATIONAL TECHNOLOGY,3,129,1478,2
PROCEEDINGS OF THE 2016 ACM CONFERENCE ON INTERNATIONAL COMPUTING EDUCATION RESEARCH (ICER'16),3,130,1481,2
PROCEEDINGS OF THE 2017 ACM SIGCSE TECHNICAL SYMPOSIUM ON COMPUTER SCIENCE EDUCATION (SIGCSE'17),3,131,1484,2
ICER'18: PROCEEDINGS OF THE 2018 ACM CONFERENCE ON INTERNATIONAL COMPUTING EDUCATION RESEARCH,3,132,1487,2
PROCEEDINGS OF THE 2019 ACM CONFERENCE ON INNOVATION AND TECHNOLOGY IN COMPUTER SCIENCE EDUCATION (ITICSE `19),3,133,1490,2
PROCEEDINGS OF THE 2020 ACM CONFERENCE ON INNOVATION AND TECHNOLOGY IN COMPUTER SCIENCE EDUCATION,3,134,1493,2
PROCEEDINGS OF THE 26TH ACM CONFERENCE ON INNOVATION AND TECHNOLOGY IN COMPUTER SCIENCE EDUCATION V. 1,3,135,1496,2
PROCEEDINGS OF THE 17TH ACM CONFERENCE ON INTERNATIONAL COMPUTING EDUCATION RESEARCH,3,136,1499,2
ACM TRANS. ACCESS. COMPUT.,3,137,1502,2
"PROCEEDINGS OF THE 53RD ACM TECHNICAL SYMPOSIUM ON COMPUTER SCIENCE EDUCATION (SIGCSE 2022), VOL 2",3,138,1505,2
ICER 2022 - PROCEEDINGS OF THE 2022 ACM CONFERENCE ON INTERNATIONAL COMPUTING EDUCATION RESEARCH,3,139,1508,2
PROCEEDINGS OF THE 27TH ACM CONFERENCE ON ON INNOVATION AND TECHNOLOGY IN COMPUTER SCIENCE EDUCATION VOL. 2,3,140,1511,2
PROCEEDINGS OF THE 23RD KOLI CALLING INTERNATIONAL CONFERENCE ON COMPUTING EDUCATION RESEARCH,3,141,1514,2
PROCEEDINGS OF THE 2024 ACM CONFERENCE ON INTERNATIONAL COMPUTING EDUCATION RESEARCH - VOLUME 2,3,142,1517,2
PROCEEDINGS OF THE 26TH AUSTRALASIAN COMPUTING EDUCATION CONFERENCE,3,143,1520,2
PROCEEDINGS OF THE 46TH INTERNATIONAL CONFERENCE ON SOFTWARE ENGINEERING: SOFTWARE ENGINEERING EDUCATION AND TRAINING,3,144,1523,2
PROCEEDINGS OF THE 2024 ON ACM VIRTUAL GLOBAL COMPUTING EDUCATION CONFERENCE V. 1,3,145,1526,2
PROCEEDINGS OF THE 2024 ON INNOVATION AND TECHNOLOGY IN COMPUTER SCIENCE EDUCATION V. 2,3,146,1529,2
PROC. ACM SOFTW. ENG.,3,147,1532,2
2024 WORKING GROUP REPORTS ON INNOVATION AND TECHNOLOGY IN COMPUTER SCIENCE EDUCATION,3,148,1535,2
PROCEEDINGS OF THE 2024 ACM SIGPLAN INTERNATIONAL SYMPOSIUM ON SPLASH-E,3,149,1538,2
"PROCEEDINGS OF THE TWELFTH ACM CONFERENCE ON LEARNING @ SCALE, L@S 2025",3,150,1541,2
"PROCEEDINGS OF 24TH INTERNATIONAL CONFERENCE ON COMPUTING EDUCATION RESEARCH, KOLI CALLING 2024",3,151,1544,2
"PROCEEDINGS OF THE 2025 CONFERENCE ON RESEARCH ON EQUITABLE AND SUSTAINED PARTICIPATION IN ENGINEERING, COMPUTING, AND TECHNOLOGY",3,152,1547,2
"PROCEEDINGS OF THE ACM GLOBAL COMPUTING EDUCATION CONFERENCE 2025 VOL 1, COMPED 2025",3,153,1550,2
"PROCEEDINGS OF 2025 INTERNATIONAL CONFERENCE ON AI-ENABLED EDUCATION, AIEE 2025",3,154,1553,2
PROCEEDINGS OF THE 26TH ACM ANNUAL CONFERENCE ON CYBERSECURITY &AMP; INFORMATION TECHNOLOGY EDUCATION,3,155,1556,2
"PROCEEDINGS OF THE 26TH ACM ANNUAL CONFERENCE ON CYBERSECURITY \& INFORMATION TECHNOLOGY EDUCATION, ACM SIGCITE 2025",3,156,1559,2
ACM SIGCITE 2025 - PROCEEDINGS OF THE 26TH ACM ANNUAL CONFERENCE ON CYBERSECURITY AND INFORMATION TECHNOLOGY EDUCATION,3,157,1562,2
PROCEEDINGS OF THE 2025 2ND INTERNATIONAL SYMPOSIUM ON ARTIFICIAL INTELLIGENCE FOR EDUCATION,3,158,1565,2
"PROCEEDINGS OF 2025 2ND INTERNATIONAL SYMPOSIUM ON ARTIFICIAL INTELLIGENCE FOR EDUCATION, ISAIE 2025",3,159,1568,2
"LECTURE NOTES IN INFORMATICS (LNI), PROCEEDINGS - SERIES OF THE GESELLSCHAFT FUR INFORMATIK (GI)",3,160,1571,2
FRONTIERS IN COMPUTER SCIENCE,3,161,1574,3
APPLIED SCIENCES-BASEL,3,162,1577,3
MATHEMATICS,3,163,1580,3
ISSUES IN INFORMATION SYSTEMS,3,164,1583,3
"INTERNATIONAL CONFERENCE ON COMPUTER SUPPORTED EDUCATION, CSEDU - PROCEEDINGS",3,165,1586,3
"ARTIFICIAL INTELLIGENCE IN EDUCATION, AIED 2019, PT II",2,166,1588,3
"AUGMENTED INTELLIGENCE AND INTELLIGENT TUTORING SYSTEMS, ITS 2023",2,167,1590,3
IFIP ADVANCES IN INFORMATION AND COMMUNICATION TECHNOLOGY,2,168,1592,3
"ARTIFICIAL INTELLIGENCE IN EDUCATION, AIED 2025, PT I",2,169,1594,3
"INFORMATICS IN SCHOOLS. FOSTERING PROBLEM-SOLVING, CREATIVITY, AND CRITICAL THINKING THROUGH COMPUTER SCIENCE EDUCATION, ISSEP 2025",2,170,1596,3
"ARTIFICIAL INTELLIGENCE IN EDUCATION, PT II",2,171,1598,3
TECHTRENDS,2,172,1600,3
JOURNAL OF COMPUTING IN HIGHER EDUCATION,2,173,1602,3
SN COMPUTER SCIENCE,2,174,1604,3
DISCOVER EDUCATION,2,175,1606,3
COMPUTERS IN HUMAN BEHAVIOR REPORTS,2,176,1608,3
JOURNAL OF COMPUTER LANGUAGES,2,177,1610,3
JOURNAL OF SYSTEMS AND SOFTWARE,2,178,1612,3
INTERNATIONAL JOURNAL OF HUMAN-COMPUTER INTERACTION,2,179,1614,3
"INTERNATIONAL SEMINAR ON MATHEMATICS, SCIENCE, AND COMPUTER SCIENCE EDUCATION (MSCEIS 2016)",2,180,1616,3
INTERACTIVE TECHNOLOGY AND SMART EDUCATION,2,181,1618,3
"PROCEEDINGS - 2019 IEEE BLOCKS AND BEYOND WORKSHOP, B AND B 2019",2,182,1620,3
2017 IEEE INTERNATIONAL CONFERENCE ON CYBERNETICS AND COMPUTATIONAL INTELLIGENCE (CYBERNETICSCOM),2,183,1622,3
2022 IEEE 5TH EURASIAN CONFERENCE ON EDUCATIONAL INNOVATION (ECEI),2,184,1624,3
2017 IEEE GLOBAL ENGINEERING EDUCATION CONFERENCE (EDUCON),2,185,1626,3
2019 IEEE GLOBAL ENGINEERING EDUCATION CONFERENCE (EDUCON),2,186,1628,3
"PROCEEDINGS OF THE 2025 7TH EXPERIMENT AT INTERNATIONAL CONFERENCE, EXP.AT 2025",2,187,1630,3
2019 IEEE FRONTIERS IN EDUCATION CONFERENCE (FIE 2019),2,188,1632,3
2021 IEEE FRONTIERS IN EDUCATION CONFERENCE (FIE),2,189,1634,3
2022 IEEE FRONTIERS IN EDUCATION CONFERENCE (FIE),2,190,1636,3
2024 IEEE FRONTIERS IN EDUCATION CONFERENCE (FIE),2,191,1638,3
2025 IEEE FRONTIERS IN EDUCATION CONFERENCE (FIE),2,192,1640,3
"2025 INTERNATIONAL CONFERENCE ON ARTIFICIAL INTELLIGENCE AND EDUCATION, ICAIE 2025",2,193,1642,3
2025 5TH INTERNATIONAL CONFERENCE ON ARTIFICIAL INTELLIGENCE AND EDUCATION (ICAIE),2,194,1644,3
2022 INTERNATIONAL CONFERENCE ON ADVANCED LEARNING TECHNOLOGIES (ICALT),2,195,1646,3
"PROCEEDINGS - 2024 IEEE INTERNATIONAL CONFERENCE ON ADVANCED LEARNING TECHNOLOGIES, ICALT 2024",2,196,1648,3
2018 9TH INTERNATIONAL CONFERENCE ON AWARENESS SCIENCE AND TECHNOLOGY (ICAST),2,197,1650,3
14TH INTERNATIONAL CONFERENCE ON COMPUTER SCIENCE AND EDUCATION (ICCSE 2019),2,198,1652,3
"2025 IEEE 14TH INTERNATIONAL CONFERENCE ON ENGINEERING EDUCATION: ENGINEERING EDUCATION 5.0: INNOVATION, INTELLIGENCE, AND IMPACT, ICEED 2025",2,199,1654,3
2026 INTERNATIONAL CONFERENCE ON EMERGING TRENDS AND INNOVATIONS IN ICT (ICEI),2,200,1656,3
"2025 5TH INTERNATIONAL CONFERENCE ON EDUCATIONAL TECHNOLOGY, ICET 2025",2,201,1658,3
2025 INTERNATIONAL CONFERENCE ON EDUCATION TECHNOLOGY AND COMPUTERS (ICETC),2,202,1660,3
2025 INTERNATIONAL CONFERENCE ON EDUCATIONAL TECHNOLOGY MANAGEMENT (ICETM),2,203,1662,3
"2025 13TH INTERNATIONAL CONFERENCE ON INFORMATION AND EDUCATION TECHNOLOGY, ICIET 2025",2,204,1664,3
"2025 13TH INTERNATIONAL CONFERENCE ON ORANGE TECHNOLOGY, ICOT 2025",2,205,1666,3
2016 INTERNATIONAL CONFERENCE ON LEARNING AND TEACHING IN COMPUTING AND ENGINEERING (LATICE),2,206,1668,3
2021 ACM/IEEE INTERNATIONAL CONFERENCE ON MODEL DRIVEN ENGINEERING LANGUAGES AND SYSTEMS COMPANION (MODELS-C),2,207,1670,3
IEEE REVISTA IBEROAMERICANA DE TECNOLOGIAS DEL APRENDIZAJE-IEEE RITA,2,208,1672,3
"PROCEEDINGS - INTERNATIONAL CONFERENCE OF THE CHILEAN COMPUTER SCIENCE SOCIETY, SCCC",2,209,1674,3
"2022 IEEE INTERNATIONAL CONFERENCE ON TEACHING, ASSESSMENT AND LEARNING FOR ENGINEERING (TALE)",2,210,1676,3
"2023 IEEE INTERNATIONAL CONFERENCE ON TEACHING, ASSESSMENT AND LEARNING FOR ENGINEERING (TALE)",2,211,1678,3
2023 IEEE SYMPOSIUM ON VISUAL LANGUAGES AND HUMAN-CENTRIC COMPUTING (VL/HCC),2,212,1680,3
2018 IEEE SYMPOSIUM ON VISUAL LANGUAGES AND HUMAN-CENTRIC COMPUTING (VL/HCC),2,213,1682,3
"2025 7TH INTERNATIONAL WORKSHOP ON ARTIFICIAL INTELLIGENCE AND EDUCATION, WAIE 2025",2,214,1684,3
PROCEEDINGS OF THE 2017 ACM CONFERENCE ON INTERNATIONAL COMPUTING EDUCATION RESEARCH (ICER 17),2,215,1686,3
PROCEEDINGS OF THE 49TH ACM TECHNICAL SYMPOSIUM ON COMPUTER SCIENCE EDUCATION,2,216,1688,3
ITICSE-WGR'17: PROCEEDINGS OF THE 2017 ITICSE CONFERENCE WORKING GROUP REPORTS,2,217,1690,3
PROCEEDINGS OF THE 24TH WESTERN CANADIAN CONFERENCE ON COMPUTING EDUCATION,2,218,1692,3
PROCEEDINGS OF THE WORKING GROUP REPORTS ON INNOVATION AND TECHNOLOGY IN COMPUTER SCIENCE EDUCATION,2,219,1694,3
PROCEEDINGS OF THE WORKING GROUP REPORTS ON INNOVATION AND TECHNOLOGY IN COMPUTER SCIENCE EDUCATION (ITICSE-WGR `19),2,220,1696,3
PROCEEDINGS OF THE 19TH KOLI CALLING INTERNATIONAL CONFERENCE ON COMPUTING EDUCATION RESEARCH,2,221,1698,3
"PROCEEDINGS OF THE 2020 ACM CONFERENCE ON INTERNATIONAL COMPUTING EDUCATION RESEARCH, ICER 2020",2,222,1700,3
PROCEEDINGS OF THE 2020 ACM CONFERENCE ON INTERNATIONAL COMPUTING EDUCATION RESEARCH,2,223,1702,3
PROCEEDINGS OF THE TWENTY-SECOND AUSTRALASIAN COMPUTING EDUCATION CONFERENCE,2,224,1704,3
SIGCSE 2021 - PROCEEDINGS OF THE 52ND ACM TECHNICAL SYMPOSIUM ON COMPUTER SCIENCE EDUCATION,2,225,1706,3
"PROCEEDINGS OF THE 2020 CONFERENCE ON UNITED KINGDOM \& IRELAND COMPUTING EDUCATION RESEARCH, UKICER 2020",2,226,1708,3
PROCEEDINGS OF THE 9TH COMPUTER SCIENCE EDUCATION RESEARCH CONFERENCE,2,227,1710,3
ICER 2021: PROCEEDINGS OF THE 17TH ACM CONFERENCE ON INTERNATIONAL COMPUTING EDUCATION RESEARCH,2,228,1712,3
ICER 2021 - PROCEEDINGS OF THE 17TH ACM CONFERENCE ON INTERNATIONAL COMPUTING EDUCATION RESEARCH,2,229,1714,3
"PROCEEDINGS OF THE 26TH ACM CONFERENCE ON INNOVATION AND TECHNOLOGY IN COMPUTER SCIENCE EDUCATION, ITICSE 2021, VOL 2",2,230,1716,3
PROCEEDINGS OF THE 10TH COMPUTER SCIENCE EDUCATION RESEARCH CONFERENCE,2,231,1718,3
PROCEEDINGS OF THE 2023 CHI CONFERENCE ON HUMAN FACTORS IN COMPUTING SYSTEMS,2,232,1720,3
PROCEEDINGS OF THE 2022 WORKING GROUP REPORTS ON INNOVATION AND TECHNOLOGY IN COMPUTER SCIENCE EDUCATION,2,233,1722,3
EXTENDED ABSTRACTS OF THE CHI CONFERENCE ON HUMAN FACTORS IN COMPUTING SYSTEMS,2,234,1724,3
PROCEEDINGS OF THE 2023 ACM SIGPLAN INTERNATIONAL SYMPOSIUM ON SPLASH-E,2,235,1726,3
"PROCEEDINGS OF THE 2023 WORKING GROUP REPORTS ON INNOVATION AND TECHNOLOGY IN COMPUTER SCIENCE EDUCATION, ITICSE-WGR 2023",2,236,1728,3
"PROCEEDINGS OF THE 15TH INTERNATIONAL CONFERENCE ON EDUCATION TECHNOLOGY AND COMPUTERS, ICETC 2023",2,237,1730,3
PROCEEDINGS OF THE 2024 ACM CONFERENCE ON INTERNATIONAL COMPUTING EDUCATION RESEARCH - VOLUME 1,2,238,1732,3
"PROCEEDINGS - 2024 INTERNATIONAL WORKSHOP ON LARGE LANGUAGE MODELS FOR CODE, LLM4CODE 2024",2,239,1734,3
PROCEEDINGS OF THE 2024 ON RESPECT ANNUAL CONFERENCE,2,240,1736,3
"PROCEEDINGS OF THE ELEVENTH ACM CONFERENCE ON LEARNING@SCALE, L@S 2024",2,241,1738,3
"PROCEEDINGS OF THE 26TH WESTERN CANADIAN CONFERENCE ON COMPUTING EDUCATION, WCCCE 2024",2,242,1740,3
PROCEEDINGS OF THE 19TH WIPSCE CONFERENCE ON PRIMARY AND SECONDARY COMPUTING EDUCATION RESEARCH,2,243,1742,3
PROCEEDINGS OF THE 25TH ANNUAL CONFERENCE ON INFORMATION TECHNOLOGY EDUCATION,2,244,1744,3
PROCEEDINGS OF THE 33RD ACM INTERNATIONAL CONFERENCE ON THE FOUNDATIONS OF SOFTWARE ENGINEERING,2,245,1746,3
"PROCEEDINGS OF THE 29TH EUROPEAN CONFERENCE ON PATTERN LANGUAGES OF PROGRAMS, PEOPLE, AND PRACTICES",2,246,1748,3
"UMAP 2025 - ADJUNCT PROCEEDINGS OF THE 33RD ACM CONFERENCE ON USER MODELING, ADAPTATION AND PERSONALIZATION",2,247,1750,3
PROCEEDINGS OF THE 2024 7TH INTERNATIONAL CONFERENCE ON EDUCATIONAL TECHNOLOGY MANAGEMENT,2,248,1752,3
PROCEEDINGS OF THE 27TH AUSTRALASIAN COMPUTING EDUCATION CONFERENCE,2,249,1754,3
PROCEEDING OF THE 2024 8TH INTERNATIONAL CONFERENCE ON EDUCATION AND E-LEARNING,2,250,1756,3
PROCEEDINGS OF THE 6TH EUROPEAN CONFERENCE ON SOFTWARE ENGINEERING EDUCATION,2,251,1758,3
PROCEEDINGS OF THE 6TH INTERNATIONAL CONFERENCE ON MODERN EDUCATIONAL TECHNOLOGY,2,252,1760,3
ACM J. COMPUT. SUSTAIN. SOC.,2,253,1762,3
UIST 2025 - PROCEEDINGS OF THE 38TH ANNUAL ACM SYMPOSIUM ON USER INTERFACE SOFTWARE AND TECHNOLOGY,2,254,1764,3
PROCEEDINGS OF THE 2025 ACM SIGPLAN INTERNATIONAL SYMPOSIUM ON SPLASH-E,2,255,1766,3
"SPLASH-E 2025 - PROCEEDINGS OF THE 2025 ACM SIGPLAN INTERNATIONAL SYMPOSIUM ON SPLASH-E, CO-LOCATED WITH ICFP/SPLASH 2025",2,256,1768,3
ACM TRANS. INTERACT. INTELL. SYST.,2,257,1770,3
"PROCEEDINGS OF 2025 2ND INTERNATIONAL CONFERENCE ON ARTIFICIAL INTELLIGENCE AND FUTURE EDUCATION, AIFE 2025",2,258,1772,3
PROCEEDINGS OF THE 2026 14TH INTERNATIONAL CONFERENCE ON SOFTWARE AND INFORMATION ENGINEERING,2,259,1774,3
SMART LEARNING ENVIRONMENTS,2,260,1776,3
INTERNATIONAL JOURNAL OF ADVANCED COMPUTER SCIENCE AND APPLICATIONS,2,261,1778,3
J. ARTIF. INT. RES.,2,262,1780,3
TURKISH ONLINE JOURNAL OF DISTANCE EDUCATION,2,263,1782,3
FRONTIERS IN ARTIFICIAL INTELLIGENCE AND APPLICATIONS,2,264,1784,3
FRONTIERS IN PSYCHOLOGY,2,265,1786,3
SENSORS,2,266,1788,3
INTERNATIONAL JOURNAL OF ENGINEERING PEDAGOGY,2,267,1790,3
INTERNATIONAL JOURNAL OF EMERGING TECHNOLOGIES IN LEARNING,2,268,1792,3
JOURNAL OF INFORMATION SYSTEMS EDUCATION,2,269,1794,3
"PROCEEDINGS OF THE 2022 ACM CONFERENCE ON INTERNATIONAL COMPUTING EDUCATION RESEARCH, ICER 2022, VOL. 1",2,270,1796,3
INTERNATIONAL JOURNAL OF ENGINEERING EDUCATION,2,271,1798,3
PROCEEDINGS OF THE INTERNATIONAL CDIO CONFERENCE,2,272,1800,3
EDUCATIONAL TECHNOLOGY \& SOCIETY,2,273,1802,3
2024 IEEE/ACM INTERNATIONAL WORKSHOP ON LARGE LANGUAGE MODELS FOR CODE (LLM4CODE),2,274,1804,3
"32ND INTERNATIONAL CONFERENCE ON COMPUTERS IN EDUCATION CONFERENCE PROCEEDINGS, ICCE 2024, VOL II",2,275,1806,3
SMART TECHNOLOGIES AND INNOVATION FOR A SUSTAINABLE FUTURE,1,276,1807,3
"ARTIFICIAL INTELLIGENCE IN EDUCATION (AIED 2020), PT II",1,277,1808,3
"ARTIFICIAL INTELLIGENCE IN EDUCATION (AIED 2021), PT II",1,278,1809,3
"ARTIFICIAL INTELLIGENCE IN EDUCATION (AIED 2021), PT I",1,279,1810,3
"HUMAN INTERFACE AND THE MANAGEMENT OF INFORMATION. INFORMATION-RICH AND INTELLIGENT ENVIRONMENTS, HIMI 2021, PT II",1,280,1811,3
"ICT EDUCATION, SACLA 2020",1,281,1812,3
"ARTIFICIAL INTELLIGENCE IN EDUCATION. POSTERS AND LATE BREAKING RESULTS, WORKSHOPS AND TUTORIALS, INDUSTRY AND INNOVATION TRACKS, PRACTITIONERS, DOCTORAL CONSORTIUM AND BLUE SKY, AIED 2023",1,282,1813,3
"ADVANCES IN COMPUTING, CCC 2023",1,283,1814,3
"CHATBOT RESEARCH AND DESIGN, CONVERSATIONS 2023",1,284,1815,3
17TH WCEAM PROCEEDINGS,1,285,1816,3
LECTURE NOTES IN MECHANICAL ENGINEERING,1,286,1817,3
"ADAPTIVE INSTRUCTIONAL SYSTEMS, AIS 2024",1,287,1818,3
"GENERATIVE INTELLIGENCE AND INTELLIGENT TUTORING SYSTEMS, PT I, ITS 2024",1,288,1819,3
"ARTIFICIAL INTELLIGENCE IN EDUCATION: POSTERS AND LATE BREAKING RESULTS, WORKSHOPS AND TUTORIALS, INDUSTRY AND INNOVATION TRACKS, PRACTITIONERS, DOCTORAL CONSORTIUM AND BLUE SKY, AIED 2024, PT I",1,289,1820,3
"PROCEEDINGS OF THE THIRD INTERNATIONAL CONFERENCE ON INNOVATIONS IN COMPUTING RESEARCH, ICR 2024",1,290,1821,3
"SOFTWARE ENGINEERING METHODS DESIGN AND APPLICATION, VOL 1, CSOC 2024",1,291,1822,3
"TECHNOLOGY ENHANCED LEARNING FOR INCLUSIVE AND EQUITABLE QUALITY EDUCATION, PT I, EC-TEL 2024",1,292,1823,3
"ADVANCING OPENMP FOR FUTURE ACCELERATORS, IWOMP 2024",1,293,1824,3
"NOVEL AND INTELLIGENT DIGITAL SYSTEMS: PROCEEDINGS OF THE 4TH INTERNATIONAL CONFERENCE, NIDS 2024",1,294,1825,3
"METHODOLOGIES AND INTELLIGENT SYSTEMS FOR TECHNOLOGY ENHANCED LEARNING, 14TH INTERNATIONAL CONFERENCE",1,295,1826,3
"FUTUREPROOFING ENGINEERING EDUCATION FOR GLOBAL RESPONSIBILITY, ICL2024, VOL 4",1,296,1827,3
"FUTUREPROOFING ENGINEERING EDUCATION FOR GLOBAL RESPONSIBILITY, ICL2024, VOL 3",1,297,1828,3
"ADAPTIVE INSTRUCTIONAL SYSTEMS, AIS 2025, PT I",1,298,1829,3
"DESIGN, USER EXPERIENCE, AND USABILITY, DUXU 2025, PT IV",1,299,1830,3
"AUGMENTED COGNITION, AC 2025, PT I",1,300,1831,3
"LEARNING AND COLLABORATION TECHNOLOGIES, LCT 2025, PT III",1,301,1832,3
"HUMAN INTERFACE AND THE MANAGEMENT OF INFORMATION, HIMI 2025, PT II",1,302,1833,3
"HUMAN-COMPUTER INTERACTION, HCI 2025, PT II",1,303,1834,3
"HIGHER EDUCATION LEARNING METHODOLOGIES AND TECHNOLOGIES ONLINE, HELMETO 2024, PT I",1,304,1835,3
"COMPUTATIONAL SCIENCE AND COMPUTATIONAL INTELLIGENCE, CSCI 2024, PT IV",1,305,1836,3
"ARTIFICIAL INTELLIGENCE APPLICATIONS AND INNOVATIONS, AIAI 2025, PT I",1,306,1837,3
"ARTIFICIAL INTELLIGENCE IN EDUCATION, AIED 2025, PT III",1,307,1838,3
"ARTIFICIAL INTELLIGENCE IN EDUCATION, AIED 2025, PT IV",1,308,1839,3
"SOCIAL IMPACT OF AI: RESEARCH, DIVERSITY AND INCLUSION FRAMEWORKS, SIAI 2025",1,309,1840,3
"INFORMATION SYSTEMS AND NEUROSCIENCE, NEUROIS RETREAT 2025",1,310,1841,3
LECTURE NOTES IN INFORMATION SYSTEMS AND ORGANISATION,1,311,1842,3
"TWO DECADES OF TEL. FROM LESSONS LEARNT TO CHALLENGES AHEAD, EC-TEL 2025, PT II",1,312,1843,3
"INTERACTIVE STORYTELLING, ICIDS 2025, PT I",1,313,1844,3
INTELLIGENT DISTRIBUTED COMPUTING XI,1,314,1845,3
GUIDE TO PROGRAMMING FOR THE DIGITAL HUMANITIES: LESSONS FOR INTRODUCTORY PYTHON,1,315,1846,3
"UBI-MEDIA COMPUTING, PERVASIVE SYSTEMS, ALGORITHMS AND NETWORKS, UBI-MEDIA 2025, I-SPAN 2025, PART I",1,316,1847,3
"NEURAL INFORMATION PROCESSING, ICONIP 2024, PT XVI",1,317,1848,3
NEURAL COMPUTING AND APPLICATIONS,1,318,1849,3
UNIVERSAL ACCESS IN THE INFORMATION SOCIETY,1,319,1850,3
CLUSTER COMPUTING,1,320,1851,3
EMPIRICAL SOFTWARE ENGINEERING,1,321,1852,3
TECHNOLOGY KNOWLEDGE AND LEARNING,1,322,1853,3
JOURNAL OF INTELLIGENT INFORMATION SYSTEMS,1,323,1854,3
JOURNAL OF SCIENCE EDUCATION AND TECHNOLOGY,1,324,1855,3
METACOGNITION AND LEARNING,1,325,1856,3
INTERNATIONAL JOURNAL OF COMPUTER-SUPPORTED COLLABORATIVE LEARNING,1,326,1857,3
ETR\&D-EDUCATIONAL TECHNOLOGY RESEARCH AND DEVELOPMENT,1,327,1858,3
JOURNAL OF AMBIENT INTELLIGENCE AND HUMANIZED COMPUTING,1,328,1859,3
JOURNAL OF THE KNOWLEDGE ECONOMY,1,329,1860,3
JOURNAL OF COMPUTERS IN EDUCATION,1,330,1861,3
DISCOVER ARTIFICIAL INTELLIGENCE,1,331,1862,3
JOURNAL OF NEW APPROACHES IN EDUCATIONAL RESEARCH,1,332,1863,3
ACTA PSYCHOLOGICA,1,333,1864,3
COMPUTERS \& EDUCATION: X REALITY,1,334,1865,3
COMPUTERS IN HUMAN BEHAVIOR,1,335,1866,3
INTERNATIONAL JOURNAL OF INDUSTRIAL ERGONOMICS,1,336,1867,3
HELIYON,1,337,1868,3
INTERNATIONAL JOURNAL OF CHILD-COMPUTER INTERACTION,1,338,1869,3
INTERNATIONAL JOURNAL OF MANAGEMENT EDUCATION,1,339,1870,3
INFORMATION FUSION,1,340,1871,3
INFORMATION PROCESSING AND MANAGEMENT,1,341,1872,3
METHODSX,1,342,1873,3
PROCEDIA COMPUTER SCIENCE,1,343,1874,3
SOFTWARE IMPACTS,1,344,1875,3
SCIENTIFIC REPORTS,1,345,1876,3
HUMANITIES AND SOCIAL SCIENCES COMMUNICATIONS,1,346,1877,3
HUMANITIES \& SOCIAL SCIENCES COMMUNICATIONS,1,347,1878,3
"MATHEMATICS, SCIENCE, AND COMPUTER SCIENCE EDUCATION (MSCEIS 2016)",1,348,1879,3
AIP CONFERENCE PROCEEDINGS,1,349,1880,3
JOURNAL OF EDUCATIONAL RESEARCH,1,350,1881,3
EDUCATIONAL PSYCHOLOGY,1,351,1882,3
BEHAVIOUR \& INFORMATION TECHNOLOGY,1,352,1883,3
SCIENCE AND TECHNOLOGY LIBRARIES,1,353,1884,3
COGNITION AND INSTRUCTION,1,354,1885,3
INNOVATIONS IN EDUCATION AND TEACHING INTERNATIONAL,1,355,1886,3
TECHNOLOGY PEDAGOGY AND EDUCATION,1,356,1887,3
COGENT EDUCATION,1,357,1888,3
INFORMATION AND LEARNING SCIENCES,1,358,1889,3
2026 INTERNATIONAL CONFERENCE ON ADVANCES IN ARTIFICIAL INTELLIGENCE AND MACHINE LEARNING (AAIML),1,359,1890,3
"2025 IEEE 6TH ANNUAL WORLD AI IOT CONGRESS, AIIOT 2025",1,360,1891,3
2016 IEEE 30TH INTERNATIONAL CONFERENCE ON ADVANCED INFORMATION NETWORKING AND APPLICATIONS (AINA),1,361,1892,3
"PROCEEDINGS - INTERNATIONAL CONFERENCE ON ADVANCED INFORMATION NETWORKING AND APPLICATIONS, AINA",1,362,1893,3
"PROCEEDINGS - 2025 2ND IEEE/ACM INTERNATIONAL CONFERENCE ON AI-POWERED SOFTWARE, AIWARE 2025",1,363,1894,3
"2025 ARTIFICIAL INTELLIGENCE X HUMANITIES, EDUCATION, AND ART (AIXHEART)",1,364,1895,3
2020 27TH ASIA-PACIFIC SOFTWARE ENGINEERING CONFERENCE (APSEC),1,365,1896,3
"PROCEEDINGS - ASIA-PACIFIC SOFTWARE ENGINEERING CONFERENCE, APSEC",1,366,1897,3
2024 31ST ASIA-PACIFIC SOFTWARE ENGINEERING CONFERENCE (APSEC),1,367,1898,3
"PROCEEDINGS - 2019 34TH IEEE/ACM INTERNATIONAL CONFERENCE ON AUTOMATED SOFTWARE ENGINEERING, ASE 2019",1,368,1899,3
2019 34TH IEEE/ACM INTERNATIONAL CONFERENCE ON AUTOMATED SOFTWARE ENGINEERING (ASE),1,369,1900,3
"PROCEEDINGS - 2025 40TH IEEE/ACM INTERNATIONAL CONFERENCE ON AUTOMATED SOFTWARE ENGINEERING, ASE 2025",1,370,1901,3
2019 IEEE BLOCKS AND BEYOND WORKSHOP (B\&B),1,371,1902,3
"PROCEEDINGS - 2025 IEEE INTERNATIONAL CONFERENCE ON BIOINFORMATICS AND BIOMEDICINE, BIBM 2025",1,372,1903,3
"2025 BLACK ISSUES IN COMPUTING EDUCATION, BICE",1,373,1904,3
2025 IEEE INTERNATIONAL CONFERENCE ON BIG DATA (BIGDATA),1,374,1905,3
CANADIAN CONFERENCE ON ELECTRICAL AND COMPUTER ENGINEERING,1,375,1906,3
"2025 IEEE CHILEAN CONFERENCE ON ELECTRICAL, ELECTRONICS ENGINEERING, INFORMATION AND COMMUNICATION TECHNOLOGIES (CHILECON)",1,376,1907,3
"2025 INTERNATIONAL CONFERENCE ON COMPUTERS, INFORMATION PROCESSING AND ADVANCED EDUCATION (CIPAE)",1,377,1908,3
2021 XLVII LATIN AMERICAN COMPUTING CONFERENCE (CLEI),1,378,1909,3
2025 LI LATIN AMERICAN COMPUTER CONFERENCE (CLEI),1,379,1910,3
2016 IEEE 40TH ANNUAL COMPUTER SOFTWARE AND APPLICATIONS CONFERENCE (COMPSAC),1,380,1911,3
PROCEEDINGS - INTERNATIONAL COMPUTER SOFTWARE AND APPLICATIONS CONFERENCE,1,381,1912,3
"2024 IEEE 48TH ANNUAL COMPUTERS, SOFTWARE, AND APPLICATIONS CONFERENCE (COMPSAC)",1,382,1913,3
"PROCEEDINGS - 2024 IEEE 48TH ANNUAL COMPUTERS, SOFTWARE, AND APPLICATIONS CONFERENCE, COMPSAC 2024",1,383,1914,3
"PROCEEDINGS OF THE IEEE CENTRAL AMERICA AND PANAMA CONVENTION, CONCAPAN",1,384,1915,3
"PROCEEDINGS - 2024 12TH INTERNATIONAL CONFERENCE IN SOFTWARE ENGINEERING RESEARCH AND INNOVATION, CONISOFT 2024",1,385,1916,3
2025 5TH INTERNATIONAL CONFERENCE ON INTELLIGENT TECHNOLOGIES (CONIT),1,386,1917,3
"2023 CONGRESS IN COMPUTER SCIENCE, COMPUTER ENGINEERING, & APPLIED COMPUTING (CSCE)",1,387,1918,3
"PROCEEDINGS - 2017 INTERNATIONAL CONFERENCE ON COMPUTATIONAL SCIENCE AND COMPUTATIONAL INTELLIGENCE, CSCI 2017",1,388,1919,3
2020 INTERNATIONAL CONFERENCE ON COMPUTATIONAL SCIENCE AND COMPUTATIONAL INTELLIGENCE (CSCI),1,389,1920,3
2021 INTERNATIONAL CONFERENCE ON COMPUTATIONAL SCIENCE AND COMPUTATIONAL INTELLIGENCE (CSCI 2021),1,390,1921,3
"2023 INTERNATIONAL CONFERENCE ON COMPUTATIONAL SCIENCE AND COMPUTATIONAL INTELLIGENCE, CSCI 2023",1,391,1922,3
"PROCEEDINGS - 2025 25TH INTERNATIONAL CONFERENCE ON CONTROL SYSTEMS AND COMPUTER SCIENCE, CSCS 2025",1,392,1923,3
"2025 6TH INTERNATIONAL CONFERENCE ON COMPUTER SCIENCE, ENGINEERING, AND EDUCATION (CSEE)",1,393,1924,3
2020 IEEE 32ND CONFERENCE ON SOFTWARE ENGINEERING EDUCATION AND TRAINING (CSEE&T),1,394,1925,3
2023 IEEE 35TH INTERNATIONAL CONFERENCE ON SOFTWARE ENGINEERING EDUCATION AND TRAINING (CSEE&T),1,395,1926,3
"8TH IEEE INTERNATIONAL CONFERENCE ON COMPUTATIONAL SYSTEM AND INFORMATION TECHNOLOGY FOR SUSTAINABLE SOLUTIONS, CSITSS 2024",1,396,1927,3
2025 7TH INTERNATIONAL CONFERENCE ON COMPUTER SCIENCE AND TECHNOLOGIES IN EDUCATION (CSTE),1,397,1928,3
"2025 IEEE DIGITAL EDUCATION AND MOOCS CONFERENCE, DEMOCON 2025",1,398,1929,3
2025 18TH INTERNATIONAL CONFERENCE ON DEVELOPMENT IN ESYSTEM ENGINEERING (DESE),1,399,1930,3
2023 3RD INTERNATIONAL CONFERENCE ON DIGITAL SOCIETY AND INTELLIGENT SYSTEMS (DSINS),1,400,1931,3
2020 SIXTH INTERNATIONAL CONFERENCE ON E-LEARNING (ECONF),1,401,1932,3
PROCEEDINGS OF THE 2021 IEEE GLOBAL ENGINEERING EDUCATION CONFERENCE (EDUCON),1,402,1933,3
2023 IEEE GLOBAL ENGINEERING EDUCATION CONFERENCE (EDUCON),1,403,1934,3
"2024 IEEE GLOBAL ENGINEERING EDUCATION CONFERENCE, EDUCON 2024",1,404,1935,3
2024 IEEE GLOBAL ENGINEERING EDUCATION CONFERENCE (EDUCON),1,405,1936,3
"2025 IEEE GLOBAL ENGINEERING EDUCATION CONFERENCE, EDUCON",1,406,1937,3
"EDUNINE 2024 - 8TH IEEE WORLD ENGINEERING EDUCATION CONFERENCE: EMPOWERING ENGINEERING EDUCATION: BREAKING BARRIERS THROUGH RESEARCH AND INNOVATION, PROCEEDINGS",1,407,1938,3
"VIII IEEE WORLD ENGINEERING EDUCATION CONFERENCE, EDUNINE 2024",1,408,1939,3
EDUNINE 2025 - 9TH IEEE ENGINEERING EDUCATION WORLD CONFERENCE: EDUCATION IN THE AGE OF GENERATIVE AI: EMBRACING DIGITAL TRANSFORMATION - PROCEEDINGS,1,409,1940,3
2016 INTERNATIONAL CONFERENCE ON ELECTRICAL AND INFORMATION TECHNOLOGIES (ICEIT),1,410,1941,3
"PROCEEDINGS - 2021 10TH INTERNATIONAL CONFERENCE OF EDUCATIONAL INNOVATION THROUGH TECHNOLOGY, EITT 2021",1,411,1942,3
"PROCEEDINGS - 2023 12TH INTERNATIONAL CONFERENCE OF EDUCATIONAL INNOVATION THROUGH TECHNOLOGY, EITT 2023",1,412,1943,3
2026 INTERNATIONAL CONFERENCE ON EMERGING SMART COMPUTING AND INFORMATICS (ESCI),1,413,1944,3
2016 IEEE FRONTIERS IN EDUCATION CONFERENCE (FIE),1,414,1945,3
"2022 IEEE FRONTIERS IN EDUCATION CONFERENCE, FIE",1,415,1946,3
"2024 2ND INTERNATIONAL CONFERENCE ON FOUNDATION AND LARGE LANGUAGE MODELS, FLLM 2024",1,416,1947,3
2025 3RD INTERNATIONAL CONFERENCE ON FOUNDATION AND LARGE LANGUAGE MODELS (FLLM),1,417,1948,3
GCCE 2025 - 2025 IEEE 14TH GLOBAL CONFERENCE ON CONSUMER ELECTRONICS,1,418,1949,3
"2023 IEEE 2ND GERMAN EDUCATION CONFERENCE, GECON",1,419,1950,3
2024 IEEE 3RD GERMAN EDUCATION CONFERENCE (GECON),1,420,1951,3
2025 GLOBAL CONFERENCE IN EMERGING TECHNOLOGY (GINOTECH),1,421,1952,3
"2023 IEEE 15TH INTERNATIONAL CONFERENCE ON HUMANOID, NANOTECHNOLOGY, INFORMATION TECHNOLOGY, COMMUNICATION AND CONTROL, ENVIRONMENT, AND MANAGEMENT, HNICEM 2023",1,422,1953,3
"PROCEEDING OF INTERNATIONAL CONFERENCE ON COMPUTING, COMMUNICATION, CONTROL AND CYBER-PHYSICAL SYSTEMS, I5CPS 2026",1,423,1954,3
"2025 6TH INTERNATIONAL CONFERENCE ON BIG DATA ANALYTICS AND PRACTICES, IBDAP 2025",1,424,1955,3
"2018 IEEE CONFERENCE ON E-LEARNING, E-MANAGEMENT AND E-SERVICES, IC3E 2018",1,425,1956,3
2024 IEEE INTERNATIONAL CONFERENCE ON AUTOMATION/XXVI CONGRESS OF THE CHILEAN ASSOCIATION OF AUTOMATIC CONTROL (ICA-ACCA),1,426,1957,3
"PROCEEDINGS OF THE 3RD INTERNATIONAL CONFERENCE ON APPLIED ARTIFICIAL INTELLIGENCE AND COMPUTING, ICAAIC 2024",1,427,1958,3
"INTERNATIONAL CONFERENCE ON ADVANCED INFOCOMM TECHNOLOGY, ICAIT",1,428,1959,3
"PROCEEDINGS - 2022 INTERNATIONAL CONFERENCE ON ADVANCED LEARNING TECHNOLOGIES, ICALT 2022",1,429,1960,3
"PROCEEDINGS - 25TH IEEE INTERNATIONAL CONFERENCE ON ADVANCED LEARNING TECHNOLOGIES, ICALT 2025",1,430,1961,3
"2018 9TH INTERNATIONAL CONFERENCE ON AWARENESS SCIENCE AND TECHNOLOGY, ICAST 2018",1,431,1962,3
"PROCEEDINGS - 2025 11TH INTERNATIONAL CONFERENCE ON COMPUTING AND ARTIFICIAL INTELLIGENCE, ICCAI 2025",1,432,1963,3
"ICCE-TAIWAN 2025 - 12TH IEEE INTERNATIONAL CONFERENCE ON CONSUMER ELECTRONICS - TAIWAN: GENERATIVE AI IN INNOVATIVE CONSUMER TECHNOLOGY, PROCEEDINGS",1,433,1964,3
"2019 IEEE INTERNATIONAL CONFERENCE ON CONSUMER ELECTRONICS - TAIWAN, ICCE-TW 2019",1,434,1965,3
2024 4TH INTERNATIONAL CONFERENCE ON CONSUMER ELECTRONICS AND COMPUTER ENGINEERING (ICCECE),1,435,1966,3
"2025 1ST INTERNATIONAL CONFERENCE ON CONSUMER TECHNOLOGY, ICCT-PACIFIC 2025",1,436,1967,3
"2025 6TH INTERNATIONAL CONFERENCE ON COMPUTER VISION AND DATA MINING, ICCVDM 2025",1,437,1968,3
2022 IEEE INTERNATIONAL CONFERENCE ON DATA MINING WORKSHOPS (ICDMW),1,438,1969,3
"IEEE INTERNATIONAL CONFERENCE ON DATA MINING WORKSHOPS, ICDMW",1,439,1970,3
ICDXA 2024 - CONFERENCE PROCEEDINGS: 2024 3RD INTERNATIONAL CONFERENCE ON DIGITAL TRANSFORMATION AND APPLICATIONS,1,440,1971,3
"2025 IEEE 3RD INTERNATIONAL CONFERENCE ON ELECTRICAL, AUTOMATION AND COMPUTER ENGINEERING, ICEACE 2025",1,441,1972,3
"2026 18TH INTERNATIONAL CONFERENCE ON ELECTRONICS, COMPUTER, AND COMPUTATION (ICECCO)",1,442,1973,3
2017 IEEE 9TH INTERNATIONAL CONFERENCE ON ENGINEERING EDUCATION (ICEED),1,443,1974,3
2024 IEEE 13TH INTERNATIONAL CONFERENCE ON ENGINEERING EDUCATION (ICEED),1,444,1975,3
PROCEEDINGS OF THE INTERNATIONAL CONFERENCE ON ELECTRICAL ENGINEERING AND INFORMATICS,1,445,1976,3
"INTERNATIONAL CONFERENCE ON ENGINEERING AND EMERGING TECHNOLOGIES, ICEET",1,446,1977,3
"2024 13TH INTERNATIONAL CONFERENCE ON EDUCATIONAL AND INFORMATION TECHNOLOGY, ICEIT 2024",1,447,1978,3
"2ND INTERNATIONAL CONFERENCE ON EMERGING RESEARCH IN COMPUTATIONAL SCIENCE, ICERCS 2024",1,448,1979,3
"ICETA 2025 - 23RD YEAR OF INTERNATIONAL CONFERENCE ON EMERGING ELEARNING TECHNOLOGIES AND APPLICATIONS, PROCEEDINGS",1,449,1980,3
"8TH INTERNATIONAL CONFERENCE ON EDUCATIONAL TECHNOLOGY MANAGEMENT, ICETM 2025",1,450,1981,3
"2025 11TH INTERNATIONAL CONFERENCE ON EDUCATION AND TRAINING TECHNOLOGIES, ICETT 2025",1,451,1982,3
2025 11TH INTERNATIONAL CONFERENCE ON EDUCATION AND TRAINING TECHNOLOGIES (ICETT),1,452,1983,3
"2025 INTERNATIONAL CONFERENCE ON INTELLIGENT COMPUTING AND KNOWLEDGE EXTRACTION, ICICKE 2025",1,453,1984,3
2023 11TH INTERNATIONAL CONFERENCE ON INFORMATION AND EDUCATION TECHNOLOGY (ICIET),1,454,1985,3
2025 13TH INTERNATIONAL CONFERENCE ON INFORMATION AND EDUCATION TECHNOLOGY (ICIET),1,455,1986,3
"2025 INTERNATIONAL CONFERENCE ON ARTIFICIAL INTELLIGENCE, BLOCKCHAIN, CLOUD COMPUTING, AND DATA ANALYTICS (ICOABCD)",1,456,1987,3
2022 IEEE INTERNATIONAL CONFERENCE ON COMPUTING (ICOCO),1,457,1988,3
2023 IEEE INTERNATIONAL CONFERENCE ON COMPUTING (ICOCO),1,458,1989,3
2025 IEEE INTERNATIONAL CONFERENCE ON COMPUTING (ICOCO),1,459,1990,3
"PROCEEDINGS OF 2025 IEEE INTERNATIONAL CONFERENCE ON DATA AND SOFTWARE ENGINEERING, ICODSE 2025",1,460,1991,3
2026 40TH INTERNATIONAL CONFERENCE ON INFORMATION NETWORKING (ICOIN),1,461,1992,3
"PROCEEDINGS OF 2025 INTERNATIONAL CONFERENCE ON SIGNAL PROCESSING, COMPUTATION, ELECTRONICS, POWER AND TELECOMMUNICATION, ICONSCEPT 2025",1,462,1993,3
2025 13TH INTERNATIONAL CONFERENCE ON ORANGE TECHNOLOGY (ICOT),1,463,1994,3
2021 IEEE/ACM 29TH INTERNATIONAL CONFERENCE ON PROGRAM COMPREHENSION (ICPC 2021),1,464,1995,3
IEEE INTERNATIONAL CONFERENCE ON PROGRAM COMPREHENSION,1,465,1996,3
2025 IEEE/ACM 47TH INTERNATIONAL CONFERENCE ON SOFTWARE ENGINEERING: COMPANION PROCEEDINGS (ICSE-COMPANION),1,466,1997,3
2021 IEEE/ACM 43RD INTERNATIONAL CONFERENCE ON SOFTWARE ENGINEERING: SOFTWARE ENGINEERING EDUCATION AND TRAINING (ICSE-SEET),1,467,1998,3
2023 IEEE/ACM 45TH INTERNATIONAL CONFERENCE ON SOFTWARE ENGINEERING: SOFTWARE ENGINEERING EDUCATION AND TRAINING (ICSE-SEET),1,468,1999,3
2019 IEEE 10TH INTERNATIONAL CONFERENCE ON SOFTWARE ENGINEERING AND SERVICE SCIENCE (ICSESS),1,469,2000,3
"PROCEEDINGS - 2015 INTERNATIONAL CONFERENCE ON SCIENCE IN INFORMATION TECHNOLOGY: BIG DATA SPECTRUM FOR FUTURE INFORMATION ECONOMY, ICSITECH 2015",1,470,2001,3
2022 IEEE INTERNATIONAL CONFERENCE ON SOFTWARE MAINTENANCE AND EVOLUTION (ICSME),1,471,2002,3
"PROCEEDINGS - 2025 10TH INTERNATIONAL CONFERENCE ON INFORMATION AND COMMUNICATION TECHNOLOGY FOR THE MUSLIM WORLD, ICT4M 2025",1,472,2003,3
2016 IEEE 28TH INTERNATIONAL CONFERENCE ON TOOLS WITH ARTIFICIAL INTELLIGENCE (ICTAI 2016),1,473,2004,3
"2025 INTERNATIONAL CONFERENCE ON NEW TRENDS IN COMPUTING SCIENCES, ICTCS 2025",1,474,2005,3
"2024 INTERNATIONAL CONFERENCE ON TVET EXCELLENCE AND DEVELOPMENT, ICTED 2024",1,475,2006,3
2023 SIXTH INTERNATIONAL CONFERENCE ON VOCATIONAL EDUCATION AND ELECTRICAL ENGINEERING (ICVEE),1,476,2007,3
2025 IEEE/ACM SECOND IDE WORKSHOP (IDE),1,477,2008,3
2025 INTERNATIONAL CONFERENCE ON INTELLIGENT DIGITIZATION OF SYSTEMS AND SERVICES (IDSS),1,478,2009,3
"PROCEEDINGS OF THE 2025 IEEE INTERNATIONAL CONFERENCE ON CYBER HUMANITIES, IEEE-CH 2025",1,479,2010,3
2018 7TH INTERNATIONAL CONGRESS ON ADVANCED APPLIED INFORMATICS (IIAI-AAI),1,480,2011,3
2019 8TH INTERNATIONAL CONGRESS ON ADVANCED APPLIED INFORMATICS (IIAI-AAI),1,481,2012,3
"2017 8TH INTERNATIONAL CONFERENCE ON INFORMATION, INTELLIGENCE, SYSTEMS & APPLICATIONS (IISA)",1,482,2013,3
PROCEEDINGS OF THE INTERNATIONAL JOINT CONFERENCE ON NEURAL NETWORKS,1,483,2014,3
IEEE INTERNATIONAL CONFERENCE ON INDUSTRIAL INFORMATICS (INDIN),1,484,2015,3
"2024 IEEE 17TH INTERNATIONAL SCIENTIFIC CONFERENCE ON INFORMATICS, INFORMATICS 2024 - PROCEEDINGS",1,485,2016,3
2025 INTERNATIONAL CONFERENCE ON TECHNOLOGY ENABLED ECONOMIC CHANGES (INTECH),1,486,2017,3
"IS3C 2025 - INTERNATIONAL SYMPOSIUM ON COMPUTER, CONSUMER AND CONTROL",1,487,2018,3
2024 IEEE INTERNATIONAL SMART CITIES CONFERENCE (ISC2),1,488,2019,3
2016 IEEE SYMPOSIUM ON COMPUTER APPLICATIONS & INDUSTRIAL ELECTRONICS (ISCAIE),1,489,2020,3
"PROCEEDINGS - 2024 8TH INTERNATIONAL SYMPOSIUM ON COMPUTER SCIENCE AND INTELLIGENT CONTROL, ISCSIC 2024",1,490,2021,3
2023 11TH INTERNATIONAL SYMPOSIUM ON DIGITAL FORENSICS AND SECURITY (ISDFS),1,491,2022,3
2023 IEEE INTEGRATED STEM EDUCATION CONFERENCE (ISEC),1,492,2023,3
"PROCEEDINGS - 2025 INTERNATIONAL SYMPOSIUM ON EDUCATIONAL TECHNOLOGY, ISET 2025",1,493,2024,3
"2024 INTERNATIONAL SYMPOSIUM ON NETWORKS, COMPUTERS AND COMMUNICATIONS, ISNCC 2024",1,494,2025,3
2021 6TH INTERNATIONAL STEM EDUCATION CONFERENCE (ISTEM-ED),1,495,2026,3
"IEEE SYMPOSIUM ON WIRELESS TECHNOLOGY AND APPLICATIONS, ISWTA",1,496,2027,3
2016 15TH INTERNATIONAL CONFERENCE ON INFORMATION TECHNOLOGY BASED HIGHER EDUCATION AND TRAINING (ITHET),1,497,2028,3
"2024 21ST INTERNATIONAL CONFERENCE ON INFORMATION TECHNOLOGY BASED HIGHER EDUCATION AND TRAINING, ITHET 2024",1,498,2029,3
2022 8TH INTERNATIONAL CONFERENCE ON INFORMATION TECHNOLOGY TRENDS (ITT),1,499,2030,3
2022 26TH INTERNATIONAL CONFERENCE INFORMATION VISUALISATION (IV),1,500,2031,3
2024 28TH INTERNATIONAL CONFERENCE INFORMATION VISUALISATION (IV),1,501,2032,3
KST 2026 - 18TH INTERNATIONAL CONFERENCE ON KNOWLEDGE AND SMART TECHNOLOGY,1,502,2033,3
2021 XVI LATIN AMERICAN CONFERENCE ON LEARNING TECHNOLOGIES (LACLO),1,503,2034,3
2018 INTERNATIONAL CONFERENCE ON LEARNING AND TEACHING IN COMPUTING AND ENGINEERING (LATICE),1,504,2035,3
"PROCEEDINGS - 2025 IEEE 18TH INTERNATIONAL SYMPOSIUM ON EMBEDDED MULTICORE/MANY-CORE SYSTEMS-ON-CHIP, MCSOC 2025",1,505,2036,3
"2024 47TH ICT AND ELECTRONICS CONVENTION, MIPRO 2024 - PROCEEDINGS",1,506,2037,3
"2025 MIPRO 48TH ICT AND ELECTRONICS CONVENTION, MIPRO 2025 - PROCEEDINGS",1,507,2038,3
"2021 INTERNATIONAL MOBILE, INTELLIGENT, AND UBIQUITOUS COMPUTING CONFERENCE (MIUCC)",1,508,2039,3
2025 IEEE INTERNATIONAL CONFERENCE ON QUANTUM COMPUTING AND ENGINEERING (QCE),1,509,2040,3
"PROCEEDINGS - 2024 IEEE 24TH INTERNATIONAL CONFERENCE ON SOFTWARE QUALITY, RELIABILITY AND SECURITY COMPANION, QRS-C 2024",1,510,2041,3
"2024 IEEE 24TH INTERNATIONAL CONFERENCE ON SOFTWARE QUALITY, RELIABILITY AND SECURITY, QRS",1,511,2042,3
"2025 25TH INTERNATIONAL CONFERENCE ON SOFTWARE QUALITY, RELIABILITY AND SECURITY, QRS",1,512,2043,3
"PROCEEDINGS OF THE 2019 RESEARCH ON EQUITY AND SUSTAINED PARTICIPATION IN ENGINEERING, COMPUTING, AND TECHNOLOGY (RESPECT)",1,513,2044,3
"2020 IEEE STCBP RESEARCH ON EQUITY AND SUSTAINED PARTICIPATION IN ENGINEERING, COMPUTING, AND TECHNOLOGY (RESPECT), VOL 1",1,514,2045,3
"IEEE STCBP RESPECT CONFERENCE: 2021 RESEARCH ON EQUITY AND SUSTAINED PARTICIPATION IN ENGINEERING, COMPUTING, AND TECHNOLOGY (RESPECT)",1,515,2046,3
2025 RIVF INTERNATIONAL CONFERENCE ON COMPUTING AND COMMUNICATION TECHNOLOGIES (RIVF),1,516,2047,3
2022 JOINT 12TH INTERNATIONAL CONFERENCE ON SOFT COMPUTING AND INTELLIGENT SYSTEMS AND 23RD INTERNATIONAL SYMPOSIUM ON ADVANCED INTELLIGENT SYSTEMS (SCIS&ISIS),1,517,2048,3
"2023 8TH SOUTH-EAST EUROPE DESIGN AUTOMATION, COMPUTER ENGINEERING, COMPUTER NETWORKS AND SOCIAL MEDIA CONFERENCE, SEEDA-CECNSM 2023",1,518,2049,3
SIIE 2021 - 2021 INTERNATIONAL SYMPOSIUM ON COMPUTERS IN EDUCATION,1,519,2050,3
2022 INTERNATIONAL SYMPOSIUM ON COMPUTERS IN EDUCATION (SIIE),1,520,2051,3
SIIE 2022 - 24TH INTERNATIONAL SYMPOSIUM ON COMPUTERS IN EDUCATION,1,521,2052,3
2025 INTERNATIONAL SYMPOSIUM ON COMPUTERS IN EDUCATION (SIIE),1,522,2053,3
SIIE 2025 - 27TH INTERNATIONAL SYMPOSIUM OF EDUCATION ON COMPUTERS IN EDUCATION,1,523,2054,3
"2024 8TH SLAAI - INTERNATIONAL CONFERENCE ON ARTIFICIAL INTELLIGENCE, SLAAI-ICAI 2024",1,524,2055,3
"PROCEEDINGS - 29TH IEEE/ACIS INTERNATIONAL CONFERENCE ON SOFTWARE ENGINEERING, ARTIFICIAL INTELLIGENCE, NETWORKING AND PARALLEL/DISTRIBUTED COMPUTING, SNPD 2025-SUMMER",1,525,2056,3
"2016 IEEE INTERNATIONAL CONFERENCE ON TEACHING, ASSESSMENT, AND LEARNING FOR ENGINEERING (TALE)",1,526,2057,3
"2019 IEEE INTERNATIONAL CONFERENCE ON ENGINEERING, TECHNOLOGY AND EDUCATION (TALE)",1,527,2058,3
"2023 IEEE INTERNATIONAL CONFERENCE ON TEACHING, ASSESSMENT AND LEARNING FOR ENGINEERING, TALE 2023 - CONFERENCE PROCEEDINGS",1,528,2059,3
"2024 IEEE INTERNATIONAL CONFERENCE ON TEACHING, ASSESSMENT AND LEARNING FOR ENGINEERING, TALE 2024 - PROCEEDINGS",1,529,2060,3
IEEE TRANSACTIONS ON COMPUTATIONAL SOCIAL SYSTEMS,1,530,2061,3
TENCON 2025 - 2025 IEEE REGION 10 CONFERENCE (TENCON),1,531,2062,3
IEEE/ACM TRANS. NETW.,1,532,2063,3
IEEE TRANSACTIONS ON RELIABILITY,1,533,2064,3
2024 9TH INTERNATIONAL CONFERENCE ON COMPUTER SCIENCE AND ENGINEERING (UBMK),1,534,2065,3
2016 IEEE WORKING CONFERENCE ON SOFTWARE VISUALIZATION (VISSOFT),1,535,2066,3
2021 IEEE SYMPOSIUM ON VISUAL LANGUAGES AND HUMAN-CENTRIC COMPUTING (VL/HCC 2021),1,536,2067,3
"2024 IEEE SYMPOSIUM ON VISUAL LANGUAGES AND HUMAN-CENTRIC COMPUTING, VL/HCC 2024",1,537,2068,3
2024 WORLD ENGINEERING EDUCATION FORUM - GLOBAL ENGINEERING DEANS COUNCIL (WEEF-GEDC),1,538,2069,3
"WEEF-GEDC 2025 - WORLD ENGINEERING EDUCATION FORUM - GLOBAL ENGINEERING DEANS COUNCIL ANNUAL CONFERENCE, IN CONJUNCTION WITH THE KSEE ANNUAL CONFERENCE 2025: ENGINEERING EDUCATION WE NEED, CONFERENCE PROCEEDINGS",1,539,2070,3
EUROPEAN JOURNAL OF EDUCATION,1,540,2071,3
INTERNATIONAL JOURNAL OF MODERN PHYSICS C,1,541,2072,3
PROCEEDINGS OF THE 19TH ACM CONFERENCE ON COMPUTER SUPPORTED COOPERATIVE WORK AND SOCIAL COMPUTING COMPANION,1,542,2073,3
SIGCSE 2016 - PROCEEDINGS OF THE 47TH ACM TECHNICAL SYMPOSIUM ON COMPUTING SCIENCE EDUCATION,1,543,2074,3
PROCEEDINGS OF THE AUSTRALASIAN COMPUTER SCIENCE WEEK MULTICONFERENCE,1,544,2075,3
PROCEEDINGS OF THE 11TH WORKSHOP IN PRIMARY AND SECONDARY COMPUTING EDUCATION,1,545,2076,3
PROCEEDINGS OF THE ANNUAL CONFERENCE OF THE SOUTH AFRICAN INSTITUTE OF COMPUTER SCIENTISTS AND INFORMATION TECHNOLOGISTS,1,546,2077,3
PROCEEDINGS OF THE 2017 CHI CONFERENCE EXTENDED ABSTRACTS ON HUMAN FACTORS IN COMPUTING SYSTEMS,1,547,2078,3
PROCEEDINGS OF THE 26TH INTERNATIONAL CONFERENCE ON WORLD WIDE WEB COMPANION,1,548,2079,3
ICER 2017 - PROCEEDINGS OF THE 2017 ACM CONFERENCE ON INTERNATIONAL COMPUTING EDUCATION RESEARCH,1,549,2080,3
PROCEEDINGS OF THE 2017 ACM CONFERENCE ON INTERNATIONAL COMPUTING EDUCATION RESEARCH,1,550,2081,3
ESEC/FSE 2017: PROCEEDINGS OF THE 2017 11TH JOINT MEETING ON FOUNDATIONS OF SOFTWARE ENGINEERING,1,551,2082,3
UIST 2017 - PROCEEDINGS OF THE 30TH ANNUAL ACM SYMPOSIUM ON USER INTERFACE SOFTWARE AND TECHNOLOGY,1,552,2083,3
PROCEEDINGS OF THE 12TH WORKSHOP ON PRIMARY AND SECONDARY COMPUTING EDUCATION,1,553,2084,3
PROCEEDINGS OF THE 12TH WORKSHOP IN PRIMARY AND SECONDARY COMPUTING EDUCATION (WIPSCE 2017),1,554,2085,3
PROCEEDINGS OF THE 17TH KOLI CALLING INTERNATIONAL CONFERENCE ON COMPUTING EDUCATION RESEARCH,1,555,2086,3
PROCEEDINGS OF THE 2017 INTERNATIONAL CONFERENCE ON TELECOMMUNICATIONS AND COMMUNICATION ENGINEERING,1,556,2087,3
PROCEEDINGS OF THE 2017 INTERNATIONAL CONFERENCE ON INFORMATION TECHNOLOGY,1,557,2088,3
2018 IEEE/ACM 40TH INTERNATIONAL CONFERENCE ON SOFTWARE ENGINEERING (ICSE),1,558,2089,3
"COMPANION PROCEEDINGS OF THE 2ND INTERNATIONAL CONFERENCE ON THE ART, SCIENCE, AND ENGINEERING OF PROGRAMMING",1,559,2090,3
PROCEEDINGS OF THE 3RD EUROPEAN CONFERENCE OF SOFTWARE ENGINEERING EDUCATION,1,560,2091,3
"PROCEEDINGS OF THE 26TH CONFERENCE ON USER MODELING, ADAPTATION AND PERSONALIZATION",1,561,2092,3
ICER 2018 - PROCEEDINGS OF THE 2018 ACM CONFERENCE ON INTERNATIONAL COMPUTING EDUCATION RESEARCH,1,562,2093,3
PROCEEDINGS OF THE FIFTH ANNUAL ACM CONFERENCE ON LEARNING AT SCALE,1,563,2094,3
PROCEEDINGS OF THE 18TH KOLI CALLING INTERNATIONAL CONFERENCE ON COMPUTING EDUCATION RESEARCH,1,564,2095,3
PROCEEDINGS OF THE SIXTH INTERNATIONAL CONFERENCE ON TECHNOLOGICAL ECOSYSTEMS FOR ENHANCING MULTICULTURALITY,1,565,2096,3
PROCEEDINGS OF THE 2019 CHI CONFERENCE ON HUMAN FACTORS IN COMPUTING SYSTEMS,1,566,2097,3
PROCEEDINGS OF THE 2019 ACM CONFERENCE ON INTERNATIONAL COMPUTING EDUCATION RESEARCH,1,567,2098,3
ICER 2019 - PROCEEDINGS OF THE 2019 ACM CONFERENCE ON INTERNATIONAL COMPUTING EDUCATION RESEARCH,1,568,2099,3
ITICSE 2018 COMPANION: PROCEEDINGS COMPANION OF THE 23RD ANNUAL ACM CONFERENCE ON INNOVATION AND TECHNOLOGY IN COMPUTER SCIENCE EDUCATION,1,569,2100,3
PROCEEDINGS OF THE 3RD CONFERENCE ON COMPUTING EDUCATION PRACTICE,1,570,2101,3
PROCEEDINGS OF ACM INTERACTION DESIGN AND CHILDREN (IDC 2019),1,571,2102,3
SIGCSE 2020 - PROCEEDINGS OF THE 51ST ACM TECHNICAL SYMPOSIUM ON COMPUTER SCIENCE EDUCATION,1,572,2103,3
"PROCEEDINGS OF THE 6TH 2019 ACM CONFERENCE ON LEARNING AT SCALE, L@S 2019",1,573,2104,3
PROCEEDINGS OF THE 2019 CONFERENCE ON UNITED KINGDOM &AMP; IRELAND COMPUTING EDUCATION RESEARCH,1,574,2105,3
19TH KOLI CALLING CONFERENCE ON COMPUTING EDUCATION RESEARCH (KOLI CALLING 2019),1,575,2106,3
PROCEEDINGS OF THE 21ST ANNUAL CONFERENCE ON INFORMATION TECHNOLOGY EDUCATION,1,576,2107,3
ICER 2020 - PROCEEDINGS OF THE 2020 ACM CONFERENCE ON INTERNATIONAL COMPUTING EDUCATION RESEARCH,1,577,2108,3
PROCEEDINGS OF THE 8TH COMPUTER SCIENCE EDUCATION RESEARCH CONFERENCE,1,578,2109,3
ETRA 2020 SHORT PAPERS: ACM SYMPOSIUM ON EYE TRACKING RESEARCH \& APPLICATIONS,1,579,2110,3
"ADJUNCT PUBLICATION OF THE 28TH ACM CONFERENCE ON USER MODELING, ADAPTATION AND PERSONALIZATION",1,580,2111,3
PROCEEDINGS OF THE SEVENTH ACM CONFERENCE ON LEARNING @ SCALE,1,581,2112,3
2020 IEEE/ACM 28TH INTERNATIONAL CONFERENCE ON PROGRAM COMPREHENSION (ICPC),1,582,2113,3
"COMPANION PROCEEDINGS OF THE 4TH INTERNATIONAL CONFERENCE ON ART, SCIENCE, AND ENGINEERING OF PROGRAMMING",1,583,2114,3
PROCEEDINGS OF THE 12TH INTERNATIONAL CONFERENCE ON COMPUTER MODELING AND SIMULATION,1,584,2115,3
EXTENDED ABSTRACTS OF THE 2021 CHI CONFERENCE ON HUMAN FACTORS IN COMPUTING SYSTEMS,1,585,2116,3
PROCEEDINGS OF THE 2021 CHI CONFERENCE ON HUMAN FACTORS IN COMPUTING SYSTEMS,1,586,2117,3
PROCEEDINGS OF THE 20TH KOLI CALLING INTERNATIONAL CONFERENCE ON COMPUTING EDUCATION RESEARCH,1,587,2118,3
PROCEEDINGS OF THE EIGHTH ACM CONFERENCE ON LEARNING @ SCALE,1,588,2119,3
PROCEEDINGS OF THE ACM ON HUMAN-COMPUTER INTERACTION,1,589,2120,3
PROCEEDINGS OF THE 23RD AUSTRALASIAN COMPUTING EDUCATION CONFERENCE,1,590,2121,3
LAK21: 11TH INTERNATIONAL LEARNING ANALYTICS AND KNOWLEDGE CONFERENCE,1,591,2122,3
EXTENDED ABSTRACTS OF THE 2021 ANNUAL SYMPOSIUM ON COMPUTER-HUMAN INTERACTION IN PLAY,1,592,2123,3
PROCEEDINGS OF THE 26TH ACM CONFERENCE ON INNOVATION AND TECHNOLOGY IN COMPUTER SCIENCE EDUCATION V. 2,1,593,2124,3
"PROCEEDINGS OF INTERACTION DESIGN AND CHILDREN, IDC 2021",1,594,2125,3
PROCEEDINGS OF THE 2021 CONFERENCE ON UNITED KINGDOM &AMP; IRELAND COMPUTING EDUCATION RESEARCH,1,595,2126,3
"PROCEEDINGS OF 21ST KOLI CALLING CONFERENCE ON COMPUTING EDUCATION RESEARCH, KOLI CALLING 2021",1,596,2127,3
PROCEEDINGS OF THE NINTH ACM CONFERENCE ON LEARNING @ SCALE,1,597,2128,3
PROCEEDINGS OF THE 2022 ACM CONFERENCE ON INTERNATIONAL COMPUTING EDUCATION RESEARCH - VOLUME 1,1,598,2129,3
PROCEEDINGS OF THE 2022 ACM CONFERENCE ON INTERNATIONAL COMPUTING EDUCATION RESEARCH - VOLUME 2,1,599,2130,3
CSERC'21: THE 10TH COMPUTER SCIENCE EDUCATION RESEARCH CONFERENCE,1,600,2131,3
ACM TRANSACTIONS ON SOFTWARE ENGINEERING AND METHODOLOGY,1,601,2132,3
2022 ACM/IEEE 44TH INTERNATIONAL CONFERENCE ON SOFTWARE ENGINEERING: COMPANION PROCEEDINGS (ICSE-COMPANION 2022),1,602,2133,3
PROCEEDINGS OF THE 24TH AUSTRALASIAN COMPUTING EDUCATION CONFERENCE,1,603,2134,3
GECCO 2022 COMPANION - PROCEEDINGS OF THE 2022 GENETIC AND EVOLUTIONARY COMPUTATION CONFERENCE,1,604,2135,3
PROCEEDINGS OF THE 14TH CONFERENCE ON CREATIVITY AND COGNITION,1,605,2136,3
PROCEEDINGS OF THE 46TH INTERNATIONAL ACM SIGIR CONFERENCE ON RESEARCH AND DEVELOPMENT IN INFORMATION RETRIEVAL,1,606,2137,3
PROCEEDINGS OF THE 2022 CONFERENCE ON UNITED KINGDOM &AMP; IRELAND COMPUTING EDUCATION RESEARCH,1,607,2138,3
PROCEEDINGS OF THE 15TH ANNUAL ACM INDIA COMPUTE CONFERENCE,1,608,2139,3
"PROCEEDINGS OF THE 2022 ACM SIGPLAN INTERNATIONAL SYMPOSIUM ON NEW IDEAS, NEW PARADIGMS, AND REFLECTIONS ON PROGRAMMING AND SOFTWARE",1,609,2140,3
PROCEEDINGS OF THE 22ND KOLI CALLING INTERNATIONAL CONFERENCE ON COMPUTING EDUCATION RESEARCH,1,610,2141,3
PROCEEDINGS OF THE 4TH WORLD SYMPOSIUM ON SOFTWARE ENGINEERING,1,611,2142,3
PROCEEDINGS OF THE 2023 ACM CONFERENCE ON INTERNATIONAL COMPUTING EDUCATION RESEARCH - VOLUME 1,1,612,2143,3
ICER 2023 - PROCEEDINGS OF THE 2023 ACM CONFERENCE ON INTERNATIONAL COMPUTING EDUCATION RESEARCH V.1,1,613,2144,3
"PROCEEDINGS OF THE 2023 ACM CONFERENCE ON INTERNATIONAL COMPUTING EDUCATION RESEARCH V.1, ICER 2023 V1",1,614,2145,3
PROCEEDINGS OF THE 11TH COMPUTER SCIENCE EDUCATION RESEARCH CONFERENCE,1,615,2146,3
PROCEEDINGS OF THE 14TH INTERNATIONAL CONFERENCE ON EDUCATION TECHNOLOGY AND COMPUTERS,1,616,2147,3
PROCEEDINGS OF THE TENTH ACM CONFERENCE ON LEARNING @ SCALE,1,617,2148,3
L@S 2023 - PROCEEDINGS OF THE 10TH ACM CONFERENCE ON LEARNING @ SCALE,1,618,2149,3
PROCEEDINGS OF THE 7TH CONFERENCE ON COMPUTING EDUCATION PRACTICE,1,619,2150,3
PROCEEDINGS OF THE 25TH AUSTRALASIAN COMPUTING EDUCATION CONFERENCE,1,620,2151,3
PROCEEDINGS OF THE 2022 6TH INTERNATIONAL CONFERENCE ON EDUCATION AND E-LEARNING,1,621,2152,3
PROCEEDINGS OF THE 5TH EUROPEAN CONFERENCE ON SOFTWARE ENGINEERING EDUCATION,1,622,2153,3
PROCEEDINGS OF THE IEEE/ACM 46TH INTERNATIONAL CONFERENCE ON SOFTWARE ENGINEERING,1,623,2154,3
PROCEEDINGS OF THE 32ND ACM SIGSOFT INTERNATIONAL SYMPOSIUM ON SOFTWARE TESTING AND ANALYSIS,1,624,2155,3
PROCEEDINGS OF THE 39TH ACM/SIGAPP SYMPOSIUM ON APPLIED COMPUTING,1,625,2156,3
PROCEEDINGS OF THE 18TH WIPSCE CONFERENCE ON PRIMARY AND SECONDARY COMPUTING EDUCATION RESEARCH,1,626,2157,3
PROCEEDINGS OF THE 2023 CONFERENCE ON UNITED KINGDOM &AMP; IRELAND COMPUTING EDUCATION RESEARCH,1,627,2158,3
PROCEEDINGS OF THE 2024 CHI CONFERENCE ON HUMAN FACTORS IN COMPUTING SYSTEMS,1,628,2159,3
ACM TRANS. KNOWL. DISCOV. DATA,1,629,2160,3
PROCEEDINGS OF CONSTRUCTIONISM / FABLEARN 2023,1,630,2161,3
ACM TRANSACTIONS ON COMPUTER-HUMAN INTERACTION,1,631,2162,3
"PROCEEDINGS OF THE 2023 ACM SIGPLAN INTERNATIONAL SYMPOSIUM ON NEW IDEAS, NEW PARADIGMS, AND REFLECTIONS ON PROGRAMMING AND SOFTWARE",1,632,2163,3
PROCEEDINGS OF THE 16TH ANNUAL ACM INDIA COMPUTE CONFERENCE,1,633,2164,3
PROCEEDINGS OF THE 15TH INTERNATIONAL CONFERENCE ON EDUCATION TECHNOLOGY AND COMPUTERS,1,634,2165,3
"UMAP 2024 - ADJUNCT PROCEEDINGS OF THE 32ND ACM CONFERENCE ON USER MODELING, ADAPTATION AND PERSONALIZATION",1,635,2166,3
PROCEEDINGS OF THE 2023 CONFERENCE ON HUMAN CENTERED ARTIFICIAL INTELLIGENCE: EDUCATION AND PRACTICE,1,636,2167,3
2024 IEEE/ACM 46TH INTERNATIONAL CONFERENCE ON SOFTWARE ENGINEERING: SOFTWARE ENGINEERING EDUCATION AND TRAINING (ICSE-SEET),1,637,2168,3
PROCEEDINGS OF THE 2024 IEEE/ACM 46TH INTERNATIONAL CONFERENCE ON SOFTWARE ENGINEERING: COMPANION PROCEEDINGS,1,638,2169,3
PROCEEDINGS OF THE 6TH ACM CONFERENCE ON CONVERSATIONAL USER INTERFACES,1,639,2170,3
PROCEEDINGS OF THE 17TH INNOVATIONS IN SOFTWARE ENGINEERING CONFERENCE,1,640,2171,3
2024 IEEE/ACM INTERNATIONAL WORKSHOP ON AUTOMATED PROGRAM REPAIR (APR),1,641,2172,3
PROCEEDINGS OF THE 2024 ACM DESIGNING INTERACTIVE SYSTEMS CONFERENCE,1,642,2173,3
"PROCEEDINGS OF THE 2024 ACM VIRTUAL GLOBAL COMPUTING EDUCATION CONFERENCE V.1, SIGCSE VIRTUAL 2024",1,643,2174,3
PROCEEDINGS OF THE 2024 ON ACM VIRTUAL GLOBAL COMPUTING EDUCATION CONFERENCE V. 2,1,644,2175,3
"PROCEEDINGS OF THE 2024 ACM VIRTUAL GLOBAL COMPUTING EDUCATION CONFERENCE V.2, SIGCSE VIRTUAL 2024",1,645,2176,3
PROCEEDINGS OF THE ACM ON PROGRAMMING LANGUAGES,1,646,2177,3
PROCEEDINGS OF THE 2024 SYMPOSIUM ON EYE TRACKING RESEARCH AND APPLICATIONS,1,647,2178,3
PROCEEDINGS OF THE 33RD ACM SIGSOFT INTERNATIONAL SYMPOSIUM ON SOFTWARE TESTING AND ANALYSIS,1,648,2179,3
PROCEEDINGS OF THE ACM/IEEE 27TH INTERNATIONAL CONFERENCE ON MODEL DRIVEN ENGINEERING LANGUAGES AND SYSTEMS,1,649,2180,3
UIST 2024 - PROCEEDINGS OF THE 37TH ANNUAL ACM SYMPOSIUM ON USER INTERFACE SOFTWARE AND TECHNOLOGY,1,650,2181,3
PROCEEDINGS OF THE 6TH ANNUAL SYMPOSIUM ON HCI EDUCATION,1,651,2182,3
PROCEEDINGS OF THE 26TH WESTERN CANADIAN CONFERENCE ON COMPUTING EDUCATION,1,652,2183,3
"PROGRAMMING COMPANION 2024 - PROCEEDINGS OF THE 8TH INTERNATIONAL CONFERENCE ON ON THE ART, SCIENCE, AND ENGINEERING OF PROGRAMMING",1,653,2184,3
"COMPANION PROCEEDINGS OF THE 8TH INTERNATIONAL CONFERENCE ON THE ART, SCIENCE, AND ENGINEERING OF PROGRAMMING",1,654,2185,3
"PROCEEDINGS OF 2024 28TH INTERNATION CONFERENCE ON EVALUATION AND ASSESSMENT IN SOFTWARE ENGINEERING, EASE 2024",1,655,2186,3
PROCEEDINGS OF THE 2024 5TH INTERNATIONAL CONFERENCE ON EDUCATION DEVELOPMENT AND STUDIES,1,656,2187,3
FORM. ASP. COMPUT.,1,657,2188,3
PROCEEDINGS OF THE ACM SYMPOSIUM ON APPLIED COMPUTING,1,658,2189,3
PROCEEDINGS OF THE 40TH ACM/SIGAPP SYMPOSIUM ON APPLIED COMPUTING,1,659,2190,3
"PROCEEDINGS OF THE ACM TURING AWARD CELEBRATION CONFERENCE-CHINA 2024, ACM-TURC 2024",1,660,2191,3
PROCEEDINGS OF THE 18TH ACM/IEEE INTERNATIONAL SYMPOSIUM ON EMPIRICAL SOFTWARE ENGINEERING AND MEASUREMENT,1,661,2192,3
PROCEEDINGS OF THE INTERNATIONAL CONFERENCE ON COMPUTER SYSTEMS AND TECHNOLOGIES 2024,1,662,2193,3
"PROCEEDINGS OF THE 19TH WIPSCE CONFERENCE IN PRIMARY AND SECONDARY COMPUTING EDUCATION RESEARCH, WIPSCE 2024",1,663,2194,3
"2024 WORKING GROUP REPORTS ON INNOVATION AND TECHNOLOGY IN COMPUTER SCIENCE EDUCATION, ITICSE WGR 2024",1,664,2195,3
PROCEEDINGS OF THE 2024 ACM SIGPLAN INTERNATIONAL SYMPOSIUM ON SPLASH-E 2024,1,665,2196,3
"PROCEEDINGS - 2024 39TH ACM/IEEE INTERNATIONAL CONFERENCE ON AUTOMATED SOFTWARE ENGINEERING, ASE 2024",1,666,2197,3
PROCEEDINGS OF THE 2025 ACM SOUTHEAST CONFERENCE,1,667,2198,3
L@S 2025 - PROCEEDINGS OF THE 12TH ACM CONFERENCE ON LEARNING @ SCALE,1,668,2199,3
"UMAP 2025 - PROCEEDINGS OF THE 33RD ACM CONFERENCE ON USER MODELING, ADAPTATION AND PERSONALIZATION",1,669,2200,3
"PROCEEDINGS OF THE 2024 CONFERENCE ON HUMAN CENTERED ARTIFICIAL INTELLIGENCE-EDUCATION AND PRACTICE, HCAI-EP 2024",1,670,2201,3
"COMPANION PROCEEDINGS OF THE ACM WEB CONFERENCE 2025, WWW COMPANION 2025",1,671,2202,3
"PROCEEDINGS OF THE 16TH INTERNATIONAL CONFERENCE ON EDUCATION TECHNOLOGY AND COMPUTERS, ICETC 2024",1,672,2203,3
PROCEEDINGS OF THE 9TH CONFERENCE ON COMPUTING EDUCATION PRACTICE,1,673,2204,3
"PROCEEDINGS - 9TH CONFERENCE ON COMPUTING EDUCATION PRACTICE, CEP 2025",1,674,2205,3
"PROCEEDINGS OF THE ACM CONFERENCE ON INTERNATIONAL COMPUTING EDUCATION RESEARCH V. 1, ICER 2025",1,675,2206,3
ICER 2025 - PROCEEDINGS OF THE ACM CONFERENCE ON INTERNATIONAL COMPUTING EDUCATION RESEARCH V. 2,1,676,2207,3
PROCEEDINGS OF THE 2024 7TH INTERNATIONAL CONFERENCE ON BIG DATA AND EDUCATION,1,677,2208,3
"PROCEEDINGS OF THE 2025 CONFERENCE FOR RESEARCH ON EQUITABLE AND SUSTAINED PARTICIPATION IN ENGINEERING, COMPUTING, AND TECHNOLOGY, RESPECT 2025",1,678,2209,3
"FIFTEENTH INTERNATIONAL CONFERENCE ON LEARNING ANALYTICS \& KNOWLEDGE, LAK 2025",1,679,2210,3
"15TH INTERNATIONAL CONFERENCE ON LEARNING ANALYTICS AND KNOWLEDGE, LAK 2025",1,680,2211,3
"PROCEEDINGS OF THE 2025 CHI CONFERENCE ON HUMAN FACTORS IN COMPUTING SYTEMS, CHI 2025",1,681,2212,3
PRACTICE AND EXPERIENCE IN ADVANCED RESEARCH COMPUTING 2025: THE POWER OF COLLABORATION,1,682,2213,3
COMPANION PUBLICATION OF THE 2025 CONFERENCE ON COMPUTER-SUPPORTED COOPERATIVE WORK AND SOCIAL COMPUTING,1,683,2214,3
"PROCEEDINGS OF THE 2025 ACM SIGCAS/SIGCHI CONFERENCE ON COMPUTING AND SUSTAINABLE SOCIETIES, COMPASS 2025",1,684,2215,3
EYE TRACKING RESEARCH AND APPLICATIONS SYMPOSIUM (ETRA),1,685,2216,3
"ACM SYMPOSIUM ON EYE TRACKING RESEARCH AND APPLICATIONS, ETRA 2025",1,686,2217,3
CUI 2025 - PROCEEDINGS OF THE 2025 ACM CONFERENCE ON CONVERSATIONAL USER INTERFACES,1,687,2218,3
PROCEEDINGS OF THE 6TH ECSEE 2025 - EUROPEAN CONFERENCE ON SOFTWARE ENGINEERING EDUCATION,1,688,2219,3
"ICCA 2024 - 3RD INTERNATIONAL CONFERENCE ON COMPUTING ADVANCEMENTS, 2024",1,689,2220,3
PROCEEDINGS OF THE 4TH INTERNATIONAL WORKSHOP ON DATA SYSTEMS EDUCATION: BRIDGING EDUCATION PRACTICE WITH EDUCATION RESEARCH,1,690,2221,3
"PROCEEDINGS OF THE 4TH ACM SIGMOD INTERNATIONAL WORKSHOP ON DATA SYSTEMS EDUCATION: BRIDGING EDUCATION PRACTICE WITH EDUCATION RESEARCH, DATAED 2025",1,691,2222,3
ADJUNCT PROCEEDINGS OF THE SIXTH DECENNIAL AARHUS CONFERENCE: COMPUTING X CRISIS,1,692,2223,3
"ADJUNCT CONFERENCE PROCEEDINGS - 17TH INTERNATIONAL ACM CONFERENCE ON AUTOMOTIVE USER INTERFACES AND INTERACTIVE VEHICULAR APPLICATIONS, AUTOMOTIVEUI 2025",1,693,2224,3
"PROCEEDINGS OF THE 2025 INTERNATIONAL CONFERENCE ON ARTIFICIAL INTELLIGENCE AND EDUCATIONAL SYSTEMS, ICAIES 2025",1,694,2225,3
COMPANION PROCEEDINGS OF THE ANNUAL SYMPOSIUM ON COMPUTER-HUMAN INTERACTION IN PLAY,1,695,2226,3
"PROCEEDINGS OF THE 2ND GUANGDONG-HONG KONG-MACAO GREATER BAY AREA INTERNATIONAL CONFERENCE ON DIGITAL ECONOMY AND ARTIFICIAL INTELLIGENCE, DEAI 2025",1,696,2227,3
ACM TRANS. RECOMM. SYST.,1,697,2228,3
PROCEEDINGS OF THE 3RD INTERNATIONAL CONFERENCE OF THE ACM GREEK SIGCHI CHAPTER,1,698,2229,3
PROCEEDINGS OF THE 16TH INTERNATIONAL CONFERENCE ON INTERNETWARE,1,699,2230,3
"PROCEEDINGS OF THE 29TH INTERNATIONAL CONFERENCE ON EVALUATION AND ASSESSMENT IN SOFTWARE ENGINEERING , EASE, 2025 EDITION, EASE 2025",1,700,2231,3
PROCEEDINGS OF THE 29TH INTERNATIONAL CONFERENCE ON EVALUATION AND ASSESSMENT IN SOFTWARE ENGINEERING,1,701,2232,3
PROCEEDINGS OF THE 28TH INTERNATIONAL ACADEMIC MINDTREK CONFERENCE,1,702,2233,3
"PROCEEDINGS OF THE 2025 ACM SIGPLAN INTERNATIONAL SYMPOSIUM ON SPLASH-E, SPLASH-E 2025",1,703,2234,3
"PROCEEDINGS OF THE 4TH ACM SIGPLAN INTERNATIONAL WORKSHOP ON PROGRAMMING ABSTRACTIONS AND INTERACTIVE NOTATIONS, TOOLS, AND ENVIRONMENTS",1,704,2235,3
ITICSE-WGR 2025 - PUBLICATION OF THE 2025 WORKING GROUP REPORTS ON INNOVATION AND TECHNOLOGY IN COMPUTER SCIENCE EDUCATION,1,705,2236,3
PROCEEDINGS OF THE 2ND INTERNATIONAL CONFERENCE ON INTELLIGENT EDUCATION AND COMPUTER TECHNOLOGY,1,706,2237,3
"PROCEEDINGS OF 2025 3RD INTERNATIONAL CONFERENCE ON EDUCATIONAL KNOWLEDGE AND INFORMATIZATION, EKI 2025",1,707,2238,3
PROCEEDINGS OF THE 10TH COMPUTING EDUCATION PRACTICE,1,708,2239,3
HCAI-EP 2026 - PROCEEDINGS OF THE 2026 CONFERENCE ON HUMAN CENTERED ARTIFICIAL INTELLIGENCE - EDUCATION AND PRACTICE,1,709,2240,3
PROCEEDINGS OF THE 2026 CONFERENCE ON HUMAN CENTRED ARTIFICIAL INTELLIGENCE - EDUCATION AND PRACTICE,1,710,2241,3
PROCEEDINGS OF THE 2026 CONFERENCE ON HUMAN INFORMATION INTERACTION AND RETRIEVAL,1,711,2242,3
ICSIE 2026 - PROCEEDINGS OF 2026 14TH INTERNATIONAL CONFERENCE ON SOFTWARE AND INFORMATION ENGINEERING,1,712,2243,3
PROCEEDINGS OF THE 13TH ACM IKDD INTERNATIONAL CONFERENCE ON DATA SCIENCE,1,713,2244,3
"COMPANION PROCEEDINGS OF THE 10TH INTERNATIONAL CONFERENCE ON THE ART, SCIENCE, AND ENGINEERING OF PROGRAMMING",1,714,2245,3
TRANS. SOC. COMPUT.,1,715,2246,3
INTERNATIONAL JOURNAL OF INTELLIGENT SYSTEMS,1,716,2247,3
SAGE OPEN,1,717,2248,3
AERA OPEN,1,718,2249,3
INTERNATIONAL JOURNAL OF DESIGNS FOR LEARNING,1,719,2250,3
AUSTRALASIAN JOURNAL OF EDUCATIONAL TECHNOLOGY,1,720,2251,3
I-COM,1,721,2252,3
INFORMATICS IN EDUCATION,1,722,2253,3
POLLACK PERIODICA,1,723,2254,3
"PROCEEDINGS OF THE 37TH AAAI CONFERENCE ON ARTIFICIAL INTELLIGENCE, AAAI 2023",1,724,2255,3
ENVIRONMENT TECHNOLOGY RESOURCES - PROCEEDINGS OF THE 16TH INTERNATIONAL SCIENTIFIC AND PRACTICAL CONFERENCE,1,725,2256,3
INTERNATIONAL JOURNAL OF INFORMATION AND EDUCATION TECHNOLOGY,1,726,2257,3
DMS 2016: THE 22ND INTERNATIONAL CONFERENCE ON DISTRIBUTED MULTIMEDIA SYSTEMS,1,727,2258,3
"PROCEEDINGS OF THE INTERNATIONAL CONFERENCE ON SOFTWARE ENGINEERING AND KNOWLEDGE ENGINEERING, SEKE",1,728,2259,3
JOURNAL OF STATISTICS APPLICATIONS AND PROBABILITY,1,729,2260,3
JOURNAL OF LEARNING ANALYTICS,1,730,2261,3
FINDINGS OF THE ASSOCIATION FOR COMPUTATIONAL LINGUISTICS: EMNLP 2023,1,731,2262,3
"EMNLP 2024 - 2024 CONFERENCE ON EMPIRICAL METHODS IN NATURAL LANGUAGE PROCESSING, PROCEEDINGS OF THE CONFERENCE",1,732,2263,3
PROCEEDINGS OF THE ANNUAL MEETING OF THE ASSOCIATION FOR COMPUTATIONAL LINGUISTICS,1,733,2264,3
"REVISTA FACULTAD DE INGENIERIA, UNIVERSIDAD PEDAGOGICA Y TECNOLOGICA DE COLOMBIA",1,734,2265,3
JOURNAL OF EDUCATION AND E-LEARNING RESEARCH,1,735,2266,3
BAGHDAD SCIENCE JOURNAL,1,736,2267,3
JOURNAL OF INFORMATION PROCESSING,1,737,2268,3
"ART, SCIENCE, AND ENGINEERING OF PROGRAMMING",1,738,2269,3
COMPUTER SCIENCE AND INFORMATION SYSTEMS,1,739,2270,3
"IBERIAN CONFERENCE ON INFORMATION SYSTEMS AND TECHNOLOGIES, CISTI",1,740,2271,3
"2024 IST-AFRICA CONFERENCE, IST-AFRICA 2024",1,741,2272,3
"2018 41ST INTERNATIONAL CONVENTION ON INFORMATION AND COMMUNICATION TECHNOLOGY, ELECTRONICS AND MICROELECTRONICS (MIPRO)",1,742,2273,3
IJCAI INTERNATIONAL JOINT CONFERENCE ON ARTIFICIAL INTELLIGENCE,1,743,2274,3
"INTERNATIONAL JOURNAL OF LEARNING, TEACHING AND EDUCATIONAL RESEARCH",1,744,2275,3
JOURNAL OF INFORMATION TECHNOLOGY EDUCATION-RESEARCH,1,745,2276,3
JOURNAL OF INFORMATION TECHNOLOGY EDUCATION: RESEARCH,1,746,2277,3
"PROCEEDINGS OF THE INTERNATIONAL FLORIDA ARTIFICIAL INTELLIGENCE RESEARCH SOCIETY CONFERENCE, FLAIRS",1,747,2278,3
ANNALES MATHEMATICAE ET INFORMATICAE,1,748,2279,3
FRONTIERS IN EDUCATION,1,749,2280,3
BIG DATA AND COGNITIVE COMPUTING,1,750,2281,3
DATA,1,751,2282,3
ELECTRONICS,1,752,2283,3
ENGINEERING PROCEEDINGS,1,753,2284,3
TRENDS IN HIGHER EDUCATION,1,754,2285,3
SUSTAINABILITY (SWITZERLAND),1,755,2286,3
SUSTAINABILITY,1,756,2287,3
SYSTEMS,1,757,2288,3
TECHNOLOGIES,1,758,2289,3
"PROCEEDINGS OF THE 22ND INTERNATIONAL CONFERENCE ON COGNITION AND EXPLORATORY LEARNING IN THE DIGITAL AGE, CELDA 2025",1,759,2290,3
PROCEEDINGS OF THE 18TH EUROPEAN CONFERENCE ON E-LEARNING (ECEL 2019),1,760,2291,3
ELECTRONIC JOURNAL OF E-LEARNING,1,761,2292,3
JOURNAL OF COMPUTER SCIENCE,1,762,2293,3
STEM EDUCATION,1,763,2294,3
INTERNATIONAL JOURNAL OF INTERACTIVE MOBILE TECHNOLOGIES,1,764,2295,3
INTERNATIONAL JOURNAL OF DISTANCE EDUCATION TECHNOLOGIES,1,765,2296,3
INTERNATIONAL JOURNAL OF KNOWLEDGE MANAGEMENT,1,766,2297,3
INTERNATIONAL JOURNAL OF ONLINE PEDAGOGY AND COURSE DESIGN,1,767,2298,3
INTERNATIONAL JOURNAL OF TECHNOLOGY IN EDUCATION AND SCIENCE,1,768,2299,3
QUBAHAN ACADEMIC JOURNAL,1,769,2300,3
INTERNATIONAL CONFERENCE ON HIGHER EDUCATION ADVANCES,1,770,2301,3
"INTERNATIONAL JOURNAL OF SIMULATION: SYSTEMS, SCIENCE AND TECHNOLOGY",1,771,2302,3
"PROCEEDINGS OF THE 12TH INTERNATIONAL CONFERENCE ON COMPUTER SUPPORTED EDUCATION (CSEDU), VOL 2",1,772,2303,3
CSEDU: PROCEEDINGS OF THE 13TH INTERNATIONAL CONFERENCE ON COMPUTER SUPPORTED EDUCATION - VOL 2,1,773,2304,3
CSEDU: PROCEEDINGS OF THE 14TH INTERNATIONAL CONFERENCE ON COMPUTER SUPPORTED EDUCATION - VOL 1,1,774,2305,3
INTERNATIONAL CONFERENCE ON AGENTS AND ARTIFICIAL INTELLIGENCE,1,775,2306,3
INTERNATIONAL SYMPOSIUM ON PROJECT APPROACHES IN ENGINEERING EDUCATION,1,776,2307,3
JOURNAL OF OBJECT TECHNOLOGY,1,777,2308,3
"PROCEEDINGS IMCIC - INTERNATIONAL MULTI-CONFERENCE ON COMPLEXITY, INFORMATICS AND CYBERNETICS",1,778,2309,3
RESEARCH AND PRACTICE IN TECHNOLOGY ENHANCED LEARNING,1,779,2310,3
JOURNAL OF INTERNET TECHNOLOGY,1,780,2311,3
INTERNATIONAL JOURNAL OF COMPUTER THEORY AND ENGINEERING,1,781,2312,3
"INTED2017: 11TH INTERNATIONAL TECHNOLOGY, EDUCATION AND DEVELOPMENT CONFERENCE",1,782,2313,3
"29TH INTERNATIONAL CONFERENCE ON COMPUTERS IN EDUCATION CONFERENCE, ICCE 2021 - PROCEEDINGS",1,783,2314,3
"PROCEEDINGS OF THE FOURTH WORKSHOP ON BRIDGING HUMAN-COMPUTER INTERACTION AND NATURAL LANGUAGE PROCESSING, HCI+NLP",1,784,2315,3
"IMSCI 2017 - 11TH INTERNATIONAL MULTI-CONFERENCE ON SOCIETY, CYBERNETICS AND INFORMATICS, PROCEEDINGS",1,785,2316,3
INTERNATIONAL JOURNAL OF SCIENTIFIC AND TECHNOLOGY RESEARCH,1,786,2317,3
PROCEEDINGS OF MACHINE LEARNING RESEARCH,1,787,2318,3
2020 IEEE FRONTIERS IN EDUCATION CONFERENCE (FIE 2020),1,788,2319,3
"28TH AMERICAS CONFERENCE ON INFORMATION SYSTEMS, AMCIS 2022",1,789,2320,3
J. USABILITY STUDIES,1,790,2321,3
"CENTRAL EUROPEAN CONFERENCE ON INFORMATION AND INTELLIGENT SYSTEMS, CECIIS",1,791,2322,3
INTERNATIONAL JOURNAL OF INNOVATIVE TECHNOLOGY AND EXPLORING ENGINEERING,1,792,2323,3
"45TH INTERNATIONAL CONFERENCE ON INFORMATION SYSTEMS, ICIS 2024",1,793,2324,3
"PROCEEDINGS OF 2024 AIS SIGED INTERNATIONAL CONFERENCE ON INFORMATION SYSTEMS EDUCATION AND RESEARCH, ICISER 2024",1,794,2325,3
"31ST INTERNATIONAL CONFERENCE ON COMPUTERS IN EDUCATION, ICCE 2023 - PROCEEDINGS",1,795,2326,3
"PROCEEDINGS OF THE 33RD INTERNATIONAL FLORIDA ARTIFICIAL INTELLIGENCE RESEARCH SOCIETY CONFERENCE, FLAIRS 2020",1,796,2327,3
"PROCEEDINGS OF THE 21ST INTERNATIONAL CONFERENCE ON COGNITION AND EXPLORATORY LEARNING IN THE DIGITAL AGE, CELDA 2024",1,797,2328,3
"PROCEEDINGS OF THE 4TH INTERNATIONAL CONFERENCE ON AI RESEARCH, ICAIR 2024",1,798,2329,3
ACTA POLYTECHNICA HUNGARICA,1,799,2330,3
2017 12TH INTERNATIONAL CONFERENCE ON COMPUTER SCIENCE AND EDUCATION (ICCSE 2017),1,800,2331,3
ADVANCES IN NEURAL INFORMATION PROCESSING SYSTEMS,1,801,2332,3
"2024 CONFERENCE ON EMPIRICAL METHODS IN NATURAL LANGUAGE PROCESSING, EMNLP 2024",1,802,2333,3
NEW PERSPECTIVES IN SCIENCE EDUCATION - INTERNATIONAL CONFERENCE,1,803,2334,3
PROCEEDINGS OF 2016 IEEE GLOBAL ENGINEERING EDUCATION CONFERENCE (EDUCON2016),1,804,2335,3
PROCEEDINGS OF THE 50TH ANNUAL HAWAII INTERNATIONAL CONFERENCE ON SYSTEM SCIENCES,1,805,2336,3
PROCEEDINGS OF THE WINTER SIMULATION CONFERENCE,1,806,2337,3
"PROCEEDINGS OF INTERNATIONAL CONFERENCE OF THE LEARNING SCIENCES, ICLS",1,807,2338,3
"PROCEEDINGS OF THE 63RD ANNUAL MEETING OF THE ASSOCIATION FOR COMPUTATIONAL LINGUISTICS, VOL 1: LONG PAPERS",1,808,2339,3
"AMERICAS CONFERENCE ON INFORMATION SYSTEMS, AMCIS 2025",1,809,2340,3
ERCIM NEWS,1,810,2341,3
CSEDU 2020 - PROCEEDINGS OF THE 12TH INTERNATIONAL CONFERENCE ON COMPUTER SUPPORTED EDUCATION,1,811,2342,3
"PROCEEDINGS OF THE 20TH WORKSHOP ON INNOVATIVE USE OF NLP FOR BUILDING EDUCATIONAL APPLICATIONS, BEA 2025",1,812,2343,3
EDUCATIONAL TECHNOLOGY AND SOCIETY,1,813,2344,3
"10TH INTERNATIONAL CONFERENCE OF EDUCATION, RESEARCH AND INNOVATION (ICERI2017)",1,814,2345,3
INTERNATIONAL JOURNAL OF MECHANICAL ENGINEERING AND TECHNOLOGY,1,815,2346,3
"2018 IEEE CONFERENCE ON E-LEARNING, E-MANAGEMENT AND E-SERVICES (IC3E)",1,816,2347,3
KUWAIT JOURNAL OF SCIENCE,1,817,2348,3
PROCEEDINGS OF THE ANNUAL HAWAII INTERNATIONAL CONFERENCE ON SYSTEM SCIENCES,1,818,2349,3
"2025 IST-AFRICA CONFERENCE, IST-AFRICA",1,819,2350,3
"FOUNDATIONS OF COMPUTER SCIENCE AND FRONTIERS IN EDUCATION: COMPUTER SCIENCE AND COMPUTER ENGINEERING, FCS 2024, FECS 2024",1,820,2351,3
"30TH AMERICAS CONFERENCE ON INFORMATION SYSTEMS, AMCIS 2024",1,821,2352,3
ICCE 2016 - 24TH INTERNATIONAL CONFERENCE ON COMPUTERS IN EDUCATION: THINK GLOBAL ACT LOCAL - WORK IN PROGRESS POSTERS PROCEEDINGS,1,822,2353,3
AI FOR EDUCATION WORKSHOP,1,823,2354,3
"PROCEEDINGS OF THE 13TH INTERNATIONAL CONFERENCE ON EDUCATIONAL DATA MINING, EDM 2020",1,824,2355,3
