author,records,matched_full_names,reason
ZHANG Y,19,ZHANG YI (6); ZHANG YIXUAN (2); ZHANG YIFAN (2); ZHANG YINGYING (1); ZHANG YIZHOU (1); ZHANG YUANHAO (1); ZHANG YINDA (1); ZHANG YUHAO (1); ZHANG YUANLIANG (1); ZHANG YUFAN (1); ZHANG YATING (1); ZHANG YIHAN (1),对应 12 个不兼容的完整姓名
CHEN Y,17,CHEN YAN (13); CHEN YU (1); CHEN YINXIAN (1); CHEN YUXUAN (1); CHEN YING (1),对应 5 个不兼容的完整姓名
LI Y,16,LI YUEKANG (3); LI YING (2); LI YAN (1); LI YI (1); LI YIXIN (1); LI YUAN (1); LI YONGMIN (1); LI YICAO (1); LI YIXUN (1); LI YANYAN (1); LI YIXUAN (1); LI YANG (1); LI YIWEI (1),对应 13 个不兼容的完整姓名
NA NA,16,无可靠完整姓名,缺少可靠的完整姓名映射
SHEARD J,16,SHEARD JUDY (12); SHEARD JUDITHE (4),对应 2 个不兼容的完整姓名
HOU X,14,HOU XINYING (13); HOU XIAOJING (1),对应 2 个不兼容的完整姓名
WANG X,13,WANG XU (7); WANG XUAN (3); WANG XINCHAO (1); WANG XIAONING (1); WANG XIYUAN (1),对应 5 个不兼容的完整姓名
FOWLER M,12,FOWLER MAX (10); FOWLER MEGAN (2),对应 2 个不兼容的完整姓名
LIU J,12,LIU JINFANG (3); LIU JONATHAN (3); LIU JIAHUA (1); LIU JACK (1); LIU JIALI (1); LIU JUNWEI (1); LIU JIE (1); LIU JIAXIN (1),对应 8 个不兼容的完整姓名
KUMAR V,11,KUMAR VIRAJ (10); KUMAR VISHESH (1),对应 2 个不兼容的完整姓名
ZHANG L,11,ZHANG LI (4); ZHANG LISA (4); ZHANG LIYIN (2); ZHANG LEI (1),对应 4 个不兼容的完整姓名
BARNES T,10,BARNES TIFFANY (8); BARNES TIMOTHY (2),对应 2 个不兼容的完整姓名
CHEN L,10,CHEN LI (3); CHEN LIANGYU (2); CHEN LIANGWEI (1); CHEN LIUQIAO (1); CHEN LUJIE (1); CHEN LIJIA (1); CHEN LIWEI (1),对应 7 个不兼容的完整姓名
SHAH A,10,SHAH ANSHUL (9); SHAH AYUSH (1),对应 2 个不兼容的完整姓名
WANG T,10,WANG TIANJIA (5); WANG TIANSHI (1); WANG TIANZE (1); WANG TAO (1); WANG TAOZHI (1); WANG TIANFU (1),对应 6 个不兼容的完整姓名
WANG Y,10,WANG YIYI (2); WANG YIMENG (2); WANG YONG (1); WANG YU (1); WANG YI (1); WANG YEPENG (1); WANG YUHE (1); WANG YANG (1),对应 8 个不兼容的完整姓名
ZHANG X,10,ZHANG XUE (4); ZHANG XIONG (2); ZHANG XIAOZHOU (1); ZHANG XIAOLING (1); ZHANG XIAO (1); ZHANG XIN (1),对应 6 个不兼容的完整姓名
KIM J,9,KIM JOANNE (2); KIM JUHO (2); KIM JOONYOUNG (1); KIM JIYOUNG (1); KIM JULIAN (1); KIM JINSEOK (1); KIM JOOBUM (1),对应 7 个不兼容的完整姓名
LIU Z,9,LIU ZIFENG (6); LIU ZHENWEI (1); LIU ZITAO (1); LIU ZHICHUN (1),对应 4 个不兼容的完整姓名
WU Z,9,WU ZIHAN (8); WU ZHIQIANG (1),对应 2 个不兼容的完整姓名
HUANG Y,8,HUANG YUN (2); HUANG YU (2); HUANG YOURUI (1); HUANG YIYI (1); HUANG YAN (1); HUANG YING (1),对应 6 个不兼容的完整姓名
LIU R,8,LIU RONGXIN (5); LIU RUOHAN (2); LIU RUNZE (1),对应 3 个不兼容的完整姓名
LIU Y,8,LIU YONG (3); LIU YANG (1); LIU YICHEN (1); LIU YANGTAO (1); LIU YUDONG (1); LIU YANJIA (1),对应 6 个不兼容的完整姓名
WANG J,8,WANG JINGYUN (3); WANG JINSHUI (1); WANG JINGYI (1); WANG JIAYI (1); WANG JUNLING (1); WANG JIEXIN (1),对应 6 个不兼容的完整姓名
XU Z,8,XU ZHENYU (4); XU ZHI (1); XU ZHENGUO (1); XU ZICHEN (1); XU ZHENG (1),对应 5 个不兼容的完整姓名
ZHANG H,8,ZHANG HAO (1); ZHANG HAN (1); ZHANG HANG (1); ZHANG HAIFENG (1); ZHANG HAOQI (1); ZHANG HELEN (1); ZHANG HONGYU (1); ZHANG HAIPING (1),对应 8 个不兼容的完整姓名
ZHANG J,8,ZHANG JIAYI (3); ZHANG JINGYING (1); ZHANG JONATHAN (1); ZHANG JURAN (1); ZHANG JIALU (1); ZHANG JUNQI (1),对应 6 个不兼容的完整姓名
ZHOU Y,8,ZHOU YUZHE (2); ZHOU YUFEI (1); ZHOU YUXIN (1); ZHOU YUSHAN (1); ZHOU YAXIN (1); ZHOU YI (1); ZHOU YUCHEN (1),对应 7 个不兼容的完整姓名
CHEN X,7,CHEN XI (5); CHEN XIANG (1); CHEN XIN (1),对应 3 个不兼容的完整姓名
JIANG Y,7,JIANG YUCHAO (5); JIANG YING (1); JIANG YINGJIE (1),对应 3 个不兼容的完整姓名
KO AJ,7,KO AMY J (6); KO ANDREW J (1),对应 2 个不兼容的完整姓名
LI G,7,LI GE (3); LI GUIAN (3); LI GANGYANG (1),对应 3 个不兼容的完整姓名
LI S,7,LI SHAN (1); LI SHUYI (1); LI SIGENG (1); LI SIWEI (1); LI SHANSHAN (1); LI SHENGLIN (1); LI SHIJIE (1),对应 7 个不兼容的完整姓名
LI W,7,LI WENGXI (2); LI WEI (2); LI WENXIN (2); LI WANLU (1),对应 4 个不兼容的完整姓名
WU Y,7,WU YONGHAO (2); WU YLESIA (2); WU YUZHUO (1); WU YIFEI (1); WU YOUHUA (1),对应 5 个不兼容的完整姓名
FIGUEIREDO J,6,FIGUEIREDO JOSÉ (3); FIGUEIREDO JORGE (1); FIGUEIREDO JOSE (1); FIGUEIREDO JOS\'E (1),对应 2 个不兼容的完整姓名
JIANG J,6,JIANG JING (4); JIANG JUN (1); JIANG JIAQI (1),对应 3 个不兼容的完整姓名
LAU S,6,LAU SAM (5); LAU SAMUEL (1),对应 2 个不兼容的完整姓名
LEE S,6,LEE SEUNG (4); LEE SOOHWAN (1); LEE SEONGHEE (1),对应 3 个不兼容的完整姓名
LI Z,6,LI ZHONGQI (2); LI ZHI (2); LI ZHENG (1); LI ZENGYANG (1),对应 4 个不兼容的完整姓名
PANG A,6,PANG ASHLEY (5); PANG AMY (1),对应 2 个不兼容的完整姓名
YAN Y,6,YAN YU (3); YAN YONGHONG (2); YAN YUROU (1),对应 3 个不兼容的完整姓名
YANG Y,6,YANG YALONG (2); YANG YINUO (2); YANG YURI (1); YANG YOONSEOK (1),对应 4 个不兼容的完整姓名
YANG Z,6,YANG ZHANSHAN (1); YANG ZHEYU (1); YANG ZEZHONG (1); YANG ZHOU (1); YANG ZIYI (1); YANG ZHENYAN (1),对应 6 个不兼容的完整姓名
ZHANG S,6,ZHANG SHAN (4); ZHANG SHANJUN (1); ZHANG SHAOJUN (1),对应 3 个不兼容的完整姓名
ZHAO J,6,ZHAO JULIANNA (2); ZHAO JIALU (1); ZHAO JINGJIE (1); ZHAO JIAN (1); ZHAO JIAHE (1),对应 5 个不兼容的完整姓名
AGARWAL A,5,AGARWAL ARAV (4); AGARWAL ACHLA (1),对应 2 个不兼容的完整姓名
CHEN H,5,CHEN HONGXUAN (2); CHEN HAIHUA (1); CHEN HUI (1); CHEN HANLIN (1),对应 4 个不兼容的完整姓名
GROVER S,5,GROVER SHUCHI (4); GROVER SAPNA (1),对应 2 个不兼容的完整姓名
KAPOOR A,5,KAPOOR AMANPREET (4); KAPOOR ARPAN (1),对应 2 个不兼容的完整姓名
LI F,5,LI FANG (4); LI FEI (1),对应 2 个不兼容的完整姓名
LI J,5,LI JIANXIN (1); LI JIAHENG (1); LI JINGFEI (1); LI JIEYING (1); LI JIA (1),对应 5 个不兼容的完整姓名
LIU D,5,LIU DAVID (2); LIU DYLAN (1); LIU DAIJIAO (1); LIU DANDAN (1),对应 4 个不兼容的完整姓名
LIU F,5,LIU FANG (3); LIU FA (1); LIU FENG (1),对应 3 个不兼容的完整姓名
LIU Q,5,LIU QI (2); LIU QIANHUI (1); LIU QIYU (1); LIU QIAN (1),对应 4 个不兼容的完整姓名
LIU S,5,LIU SUQING (2); LIU SA (2); LIU SHENGYINGJIE (1),对应 3 个不兼容的完整姓名
LIU X,5,LIU XUYE (2); LIU XIAOJIN (1); LIU XINGYU (1); LIU XINER (1),对应 4 个不兼容的完整姓名
PARK H,5,PARK HYESUNG (3); PARK HYUNJUN (1); PARK HYUNCHAN (1),对应 3 个不兼容的完整姓名
SINGH P,5,SINGH PREETI (2); SINGH PUSHPENDRA (1); SINGH PARAMVIR (1); SINGH PAWANJEET (1),对应 4 个不兼容的完整姓名
SUN Y,5,SUN YIFAN (2); SUN YUQIAN (1); SUN YULING (1); SUN YINGGANG (1),对应 4 个不兼容的完整姓名
WANG A,5,WANG ANJIA (2); WANG ALBERT (2); WANG APRIL (1),对应 3 个不兼容的完整姓名
WANG D,5,WANG DAKUO (4); WANG DONGYU (1),对应 2 个不兼容的完整姓名
WANG M,5,WANG MINHONG (3); WANG MIAOXIN (1); WANG MENGZHEN (1),对应 3 个不兼容的完整姓名
WANG W,5,WANG WENGRAN (3); WANG WENCHANG (1); WANG WEI (1),对应 3 个不兼容的完整姓名
WU M,5,WU MENGYAN (4); WU MENGQIAN (1),对应 2 个不兼容的完整姓名
XU X,5,XU XIN (3); XU XIANLONG (1); XU XIAODAN (1),对应 3 个不兼容的完整姓名
YANG S,5,YANG STEPHANIE (4); YANG SHAOWU (1),对应 2 个不兼容的完整姓名
ZHU T,5,ZHU TINGTING (3); ZHU TONGYU (1); ZHU TIANYI (1),对应 3 个不兼容的完整姓名
FALKNER K,4,FALKNER KATRINA (3); FALKNER KATRIA (1),对应 2 个不兼容的完整姓名
GUO R,4,GUO RONG (3); GUO RUI (1),对应 2 个不兼容的完整姓名
HOU Y,4,HOU YUNFEI (2); HOU YUNTIAN (1); HOU YUN (1),对应 3 个不兼容的完整姓名
LEE D,4,LEE DONGEUN (2); LEE DYLAN (1); LEE DONGHO (1),对应 3 个不兼容的完整姓名
LI B,4,LI BIN (1); LI BANGQI (1); LI BRUCE (1); LI BINYONG (1),对应 4 个不兼容的完整姓名
LI C,4,LI CHENGLU (1); LI CUIXIN (1); LI CAROL (1); LI CHUNRONG (1),对应 4 个不兼容的完整姓名
LI H,4,LI HUI (1); LI HANNING (1); LI HAOTIAN (1); LI HAOLIN (1),对应 4 个不兼容的完整姓名
LI M,4,LI MIN (2); LI MENGNAN (1); LI MENGYING (1),对应 3 个不兼容的完整姓名
LI N,4,LI NERO (2); LI NAN (1); LI NA (1),对应 3 个不兼容的完整姓名
LI T,4,LI TIANYI (2); LI TOBY (1); LI TIANSHI (1),对应 3 个不兼容的完整姓名
LI X,4,LI XIAOZHI (1); LI XING (1); LI XIAOBIN (1); LI XUDONG (1),对应 4 个不兼容的完整姓名
LIN K,4,LIN KEVIN (3); LIN KAI (1),对应 2 个不兼容的完整姓名
LIU H,4,LIU HENGYUAN (2); LIU HONG (1); LIU HUAYI (1),对应 3 个不兼容的完整姓名
LU X,4,LU XUESONG (3); LU XIQIN (1),对应 2 个不兼容的完整姓名
MA X,4,MA XIAOJUAN (3); MA XUECHUN (1),对应 2 个不兼容的完整姓名
MA Y,4,MA YUCHI (2); MA YUXIANG (1); MA YUTAO (1),对应 3 个不兼容的完整姓名
MENDES A,4,MENDES ANTONIO (1); MENDES ANTÓNIO (1); MENDES ANT\'ONIO (1); MENDES ALEXANDRA (1),对应 2 个不兼容的完整姓名
MILLIKEN A,4,MILLIKEN ALEXANDRA (3); MILLIKEN ALEX (1),对应 2 个不兼容的完整姓名
MOHAMED A,4,MOHAMED ABDALLAH (3); MOHAMED AMR (1),对应 2 个不兼容的完整姓名
NGUYEN H,4,NGUYEN HA (2); NGUYEN HUY (1); NGUYEN HUNG (1),对应 3 个不兼容的完整姓名
QU X,4,QU XIANSHAN (3); QU XIAODONG (1),对应 2 个不兼容的完整姓名
SUN X,4,SUN XINJIE (1); SUN XIAOYAN (1); SUN XIA (1); SUN XIMING (1),对应 4 个不兼容的完整姓名
TANG Y,4,TANG YICHENG (2); TANG YUMIN (1); TANG YUHUA (1),对应 3 个不兼容的完整姓名
WAN H,4,WAN HAIPENG (2); WAN HAN (2),对应 2 个不兼容的完整姓名
WANG C,4,WANG CHUN (2); WANG CHENGLIANG (1); WANG CHENYU (1),对应 3 个不兼容的完整姓名
WANG Z,4,WANG ZHENZHONG (2); WANG ZHENYI (1); WANG ZUXIN (1),对应 3 个不兼容的完整姓名
YU Z,4,YU ZEZHU (2); YU ZHIBIN (1); YU ZHIXIN (1),对应 3 个不兼容的完整姓名
ZHANG Z,4,ZHANG ZAIXI (1); ZHANG ZHANWEN (1); ZHANG ZHAO (1); ZHANG ZHENG (1),对应 4 个不兼容的完整姓名
ZHENG Y,4,ZHENG YI (1); ZHENG YIFEI (1); ZHENG YAFENG (1); ZHENG YUJIA (1),对应 4 个不兼容的完整姓名
ZHOU X,4,ZHOU XIAOFEI (2); ZHOU XINYI (1); ZHOU XIAOBO (1),对应 3 个不兼容的完整姓名
ALI M,3,ALI MURTAZA (2); ALI MD (1),对应 2 个不兼容的完整姓名
CAO Y,3,CAO YI (1); CAO YINGJUN (1); CAO YING (1),对应 3 个不兼容的完整姓名
CHAN L,3,CHAN LETA (2); CHAN LAVEDA (1),对应 2 个不兼容的完整姓名
CHEN M,3,CHEN MANTUN (1); CHEN MATT (1); CHEN MELISSA (1),对应 3 个不兼容的完整姓名
CHEN PH,3,CHEN PEI-HUA (2); CHEN PENG-HSI (1),对应 2 个不兼容的完整姓名
CHEN S,3,CHEN SHUGUANG (1); CHEN STELLA (1); CHEN SI (1),对应 3 个不兼容的完整姓名
CHEN Z,3,CHEN ZHAN (1); CHEN ZHENGHAO (1); CHEN ZHENYU (1),对应 3 个不兼容的完整姓名
DU H,3,DU HENG (2); DU HANXIANG (1),对应 2 个不兼容的完整姓名
FAN J,3,FAN JING (2); FAN JIXIANG (1),对应 2 个不兼容的完整姓名
FISCHER B,3,FISCHER BJÖRN (1); FISCHER BJOERN (1); FISCHER BRYAN (1),对应 3 个不兼容的完整姓名
GAO Y,3,GAO YANG (2); GAO YING (1),对应 2 个不兼容的完整姓名
GHOSH A,3,GHOSH AHANA (2); GHOSH ABHIMANYU (1),对应 2 个不兼容的完整姓名
GREEN N,3,GREEN NICHOLAS (2); GREEN NICK (1),对应 2 个不兼容的完整姓名
GUO Y,3,GUO YAPING (1); GUO YIKE (1); GUO YONG (1),对应 3 个不兼容的完整姓名
HUANG X,3,HUANG XUEFEI (2); HUANG XINYI (1),对应 2 个不兼容的完整姓名
HUANG Z,3,HUANG ZHIJUN (1); HUANG ZIHENG (1); HUANG ZHENYA (1),对应 3 个不兼容的完整姓名
JIN J,3,JIN JENNIFER (1); JIN JING (1); JIN JIHO (1),对应 3 个不兼容的完整姓名
JIN S,3,JIN SHUNFU (2); JIN SOONHEON (1),对应 2 个不兼容的完整姓名
JING L,3,JING LIYING (2); JING LI (1),对应 2 个不兼容的完整姓名
KANG X,3,KANG XIAOLAN (2); KANG XURAN (1),对应 2 个不兼容的完整姓名
KIM D,3,KIM DOYOUN (2); KIM DAVID (1),对应 2 个不兼容的完整姓名
KIM Y,3,KIM YUBIN (2); KIM YOUNGPIL (1),对应 2 个不兼容的完整姓名
KONOMI S,3,KONOMI SHIN'ICHI (2); KONOMI SHIN’ICHI (1),对应 2 个不兼容的完整姓名
KWON K,3,KWON KIBUM (2); KWON KYUNGBIN (1),对应 2 个不兼容的完整姓名
LEE J,3,LEE JAEHWAN (1); LEE JIWON (1); LEE JOHNNY (1),对应 3 个不兼容的完整姓名
LIANG J,3,LIANG JINGSAI (2); LIANG JIARONG (1),对应 2 个不兼容的完整姓名
LIU C,3,LIU CHARLIE (1); LIU CHENGZHONG (1); LIU CHEN (1),对应 3 个不兼容的完整姓名
LU Y,3,LU YAO (1); LU YI (1); LU YUXUAN (1),对应 3 个不兼容的完整姓名
MAJUMDAR R,3,MAJUMDAR RUPAK (2); MAJUMDAR RWITAJIT (1),对应 2 个不兼容的完整姓名
RYOO J,3,RYOO JEAN (2); RYOO JEEHO (1),对应 2 个不兼容的完整姓名
SATO M,3,SATO MIYU (2); SATO MITSUHIRO (1),对应 2 个不兼容的完整姓名
SCHULTE C,3,SCHULTE CARSTEN (2); SCHULTE CHRISTIAN (1),对应 2 个不兼容的完整姓名
SHARMA S,3,SHARMA SAKSHAM (2); SHARMA SANCHIT (1),对应 2 个不兼容的完整姓名
SMITH J,3,SMITH JUSTIN (1); SMITH JACQUELINE (1); SMITH JAMES (1),对应 3 个不兼容的完整姓名
TAMANG L,3,TAMANG LASANG (2); TAMANG LASAGN (1),对应 2 个不兼容的完整姓名
TANG J,3,TANG JINGWEI (1); TANG JESSIE (1); TANG JULIA (1),对应 3 个不兼容的完整姓名
TIAN H,3,TIAN HAOYE (2); TIAN HAO (1),对应 2 个不兼容的完整姓名
WANG R,3,WANG RUIYUN (1); WANG RICHERT (1); WANG RUI (1),对应 3 个不兼容的完整姓名
WONG W,3,WONG WENDY (2); WONG WINNIE (1),对应 2 个不兼容的完整姓名
WRIGHT J,3,WRIGHT JARED (2); WRIGHT JOHN (1),对应 2 个不兼容的完整姓名
WU J,3,WU JINHENG (1); WU JIALIN (1); WU JI (1),对应 3 个不兼容的完整姓名
WU T,3,WU TONG (2); WU TONGSHUANG (1),对应 2 个不兼容的完整姓名
WU X,3,WU XIAOLING (1); WU XI (1); WU XIN (1),对应 3 个不兼容的完整姓名
XU H,3,XU HEXIANG (2); XU HANDAN (1),对应 2 个不兼容的完整姓名
XU Y,3,XU YINGJIE (1); XU YUDIAN (1); XU YING (1),对应 3 个不兼容的完整姓名
YANG B,3,YANG BOYANG (2); YANG BOKAI (1),对应 2 个不兼容的完整姓名
YU X,3,YU XIAOHUA (1); YU XIAOJING (1); YU XIANGZHAN (1),对应 3 个不兼容的完整姓名
ZHANG K,3,ZHANG KUN (2); ZHANG KEVIN (1),对应 2 个不兼容的完整姓名
ZHANG Q,3,ZHANG QUAN (1); ZHANG QIAN (1); ZHANG QUANJUN (1),对应 3 个不兼容的完整姓名
ZHAO Y,3,ZHAO YANNI (1); ZHAO YUQI (1); ZHAO YUQIAN (1),对应 3 个不兼容的完整姓名
ZHU Y,3,ZHU YIFEI (1); ZHU YUJUN (1); ZHU YINGHAO (1),对应 3 个不兼容的完整姓名
ALI A,2,ALI ASMAR (1); ALI AREEJ (1),对应 2 个不兼容的完整姓名
BANSAL A,2,BANSAL AJAY (1); BANSAL AAKASH (1),对应 2 个不兼容的完整姓名
CHAUDHARY S,2,CHAUDHARY SAURAV (1); CHAUDHARY SUHANI (1),对应 2 个不兼容的完整姓名
CHEN C,2,CHEN CHAORAN (1); CHEN CHAO (1),对应 2 个不兼容的完整姓名
CHEN J,2,CHEN JIAJU (1); CHEN JIE (1),对应 2 个不兼容的完整姓名
CHENG Y,2,CHENG YUHAO (1); CHENG YIHONG (1),对应 2 个不兼容的完整姓名
DAS S,2,DAS SANCHARI (1); DAS SYAAMANTAK (1),对应 2 个不兼容的完整姓名
DONG X,2,DONG XINRAN (1); DONG XINZHENG (1),对应 2 个不兼容的完整姓名
FANG Y,2,FANG YINGTAO (1); FANG YING (1),对应 2 个不兼容的完整姓名
FELLAH A,2,FELLAH ABDELAZIZ (1); FELLAH AZIZ (1),对应 2 个不兼容的完整姓名
FENG C,2,FENG CHENGXIN (1); FENG CHAO (1),对应 2 个不兼容的完整姓名
FU X,2,FU XIN (1); FU XINYU (1),对应 2 个不兼容的完整姓名
GAO H,2,GAO HONG (1); GAO HAO (1),对应 2 个不兼容的完整姓名
GAO W,2,GAO WEI (1); GAO WEIBO (1),对应 2 个不兼容的完整姓名
GAO X,2,GAO XUAN (1); GAO XUEYAN (1),对应 2 个不兼容的完整姓名
GAO Z,2,GAO ZHIKAI (1); GAO ZHIZEZHANG (1),对应 2 个不兼容的完整姓名
GHOSH S,2,GHOSH SUDIPTO (1); GHOSH SOUROJIT (1),对应 2 个不兼容的完整姓名
GONG D,2,GONG DONG (1); GONG DUO (1),对应 2 个不兼容的完整姓名
GUO M,2,GUO MINGYUE (1); GUO MEIZE (1),对应 2 个不兼容的完整姓名
GUO S,2,GUO SIQI (1); GUO SHOUCHAO (1),对应 2 个不兼容的完整姓名
GUPTA A,2,GUPTA ANIRUDH (1); GUPTA ANISHA (1),对应 2 个不兼容的完整姓名
HAN S,2,HAN SIQI (1); HAN SIRUI (1),对应 2 个不兼容的完整姓名
HERNANDEZ D,2,HERNANDEZ DILEY (1); HERNANDEZ DAVID (1),对应 2 个不兼容的完整姓名
HU Y,2,HU YANG (1); HU YANFENG (1),对应 2 个不兼容的完整姓名
HUANG S,2,HUANG SHIHONG (1); HUANG SARAH (1),对应 2 个不兼容的完整姓名
HUANG W,2,HUANG WANJU (1); HUANG WANRONG (1),对应 2 个不兼容的完整姓名
IYER V,2,IYER VIKRAM (1); IYER VIGHNESH (1),对应 2 个不兼容的完整姓名
JI S,2,JI SHENMING (1); JI SHOULING (1),对应 2 个不兼容的完整姓名
JIANG S,2,JIANG SHUAISHUAI (1); JIANG SHIYAN (1),对应 2 个不兼容的完整姓名
JIANG Z,2,JIANG ZHIJIE (1); JIANG ZHENGLIN (1),对应 2 个不兼容的完整姓名
KAUR M,2,KAUR MANNAT (1); KAUR MEHAKPREET (1),对应 2 个不兼容的完整姓名
KIM G,2,KIM GYUHO (1); KIM GRACE (1),对应 2 个不兼容的完整姓名
KIM SB,2,KIM SEONG BAEG (1); KIM S B (1),对应 2 个不兼容的完整姓名
KUMAR A,2,KUMAR AMRUTH (1); KUMAR AAYUSH (1),对应 2 个不兼容的完整姓名
LEE C,2,LEE CYNTHIA (1); LEE CHANGYOON (1),对应 2 个不兼容的完整姓名
LEE K,2,LEE KYUHAN (1); LEE KYUNGWOON (1),对应 2 个不兼容的完整姓名
LEI Y,2,LEI YU (1); LEI YINCHEN (1),对应 2 个不兼容的完整姓名
LEVINE S,2,LEVINE SIDNEY (1); LEVINE STACEY (1),对应 2 个不兼容的完整姓名
LI A,2,LI ANNIE (1); LI ALICE (1),对应 2 个不兼容的完整姓名
LI Q,2,LI QING (1); LI QUAN (1),对应 2 个不兼容的完整姓名
LIN KY,2,LIN KUO-YI (1); LIN KUAN-YEH (1),对应 2 个不兼容的完整姓名
LIN Y,2,LIN YADANAR (1); LIN YUFENG (1),对应 2 个不兼容的完整姓名
LIU K,2,LIU KANG (1); LIU KATIE (1),对应 2 个不兼容的完整姓名
LIU M,2,LIU MING (1); LIU MENGQI (1),对应 2 个不兼容的完整姓名
LODI M,2,LODI MICHAEL (1); LODI MALIHA (1),对应 2 个不兼容的完整姓名
LUO H,2,LUO HONGZHEN (1); LUO HENG (1),对应 2 个不兼容的完整姓名
MA S,2,MA SEAN (1); MA SHUAI (1),对应 2 个不兼容的完整姓名
MILLS C,2,MILLS CAITLIN (1); MILLS CHRISTOPHER (1),对应 2 个不兼容的完整姓名
MOR P,2,MOR PARY (1); MOR PARV (1),对应 2 个不兼容的完整姓名
NGUYEN TD,2,NGUYEN THANH-DAT (1); NGUYEN THU D (1),对应 2 个不兼容的完整姓名
NIU J,2,NIU JIAYU (1); NIU JEFFREY (1),对应 2 个不兼容的完整姓名
PAN Y,2,PAN YUHAN (1); PAN YAN (1),对应 2 个不兼容的完整姓名
PARK S,2,PARK SUNWOO (1); PARK SOYA (1),对应 2 个不兼容的完整姓名
PARK SM,2,PARK SEONG MIN (1); PARK SU MIN (1),对应 2 个不兼容的完整姓名
PATEL K,2,PATEL KUSH (1); PATEL KAUSHANI (1),对应 2 个不兼容的完整姓名
PETTIT V,2,PETTIT VIRGINIA (1); PETTIT VEE (1),对应 2 个不兼容的完整姓名
PRABAWANTO S,2,PRABAWANTO SUFYANI (1); PRABAWANTO S (1),对应 2 个不兼容的完整姓名
PRASAD S,2,PRASAD SIDDHARTHA (1); PRASAD SUSHIL (1),对应 2 个不兼容的完整姓名
RECKINGER S,2,RECKINGER SHANON (2); RECKINGER SCOTT (1),对应 2 个不兼容的完整姓名
REN J,2,REN JIE (1); REN JIADONG (1),对应 2 个不兼容的完整姓名
ROBINSON R,2,ROBINSON REBECCA (1); ROBINSON RICHARD (1),对应 2 个不兼容的完整姓名
SAHA K,2,SAHA KINTAN (1); SAHA KOUSTUV (1),对应 2 个不兼容的完整姓名
SAMARY MM,2,SAMARY MAIRA MARQUES (1); SAMARY MA\'\IRA MARQUES (1),对应 2 个不兼容的完整姓名
SANTOS JCS,2,SANTOS JOANNA C S (1); SANTOS JOANNA CS (1),对应 2 个不兼容的完整姓名
SCHUNN C,2,SCHUNN CHRISTIAN (1); SCHUNN CHRISTIAN D (1),对应 2 个不兼容的完整姓名
SHANKARANARAYANAN G,2,SHANKARANARAYANAN G (1); SHANKARANARAYANAN GANESAN (1),对应 2 个不兼容的完整姓名
SHEN J,2,SHEN JIYUN (1); SHEN JIAYI (1),对应 2 个不兼容的完整姓名
SHEN S,2,SHEN SHENG (1); SHEN SHUANGHONG (1),对应 2 个不兼容的完整姓名
SHEN Y,2,SHEN YAYUE (1); SHEN YUZHONG (1),对应 2 个不兼容的完整姓名
SHI M,2,SHI MIAOJING (1); SHI MENGQI (1),对应 2 个不兼容的完整姓名
SHRESTHA S,2,SHRESTHA SAIMON (1); SHRESTHA SUNNY (1),对应 2 个不兼容的完整姓名
SMITH G,2,SMITH GILLIAN (1); SMITH GRAEME (1),对应 2 个不兼容的完整姓名
SMITH S,2,SMITH SPENCER (1); SMITH SAMANTHA (1),对应 2 个不兼容的完整姓名
SOLOMON B,2,SOLOMON BRIDGET (1); SOLOMON BRAD (1),对应 2 个不兼容的完整姓名
SONG KS,2,SONG KI-SANG (1); SONG K S (1),对应 2 个不兼容的完整姓名
SONG Y,2,SONG YANG (1); SONG YUQI (1),对应 2 个不兼容的完整姓名
TANG Z,2,TANG ZHENGYI (1); TANG ZHIHAO (1),对应 2 个不兼容的完整姓名
TAYLOR B,2,TAYLOR BENJAMIN (1); TAYLOR BLAIR (1),对应 2 个不兼容的完整姓名
TUCKER A,2,TUCKER ALLEN (1); TUCKER ANIYAH (1),对应 2 个不兼容的完整姓名
WANG H,2,WANG HAOMING (1); WANG HAITAO (1),对应 2 个不兼容的完整姓名
WANG L,2,WANG LIANGHUI (1); WANG LINGQING (1),对应 2 个不兼容的完整姓名
WANG Q,2,WANG QIYUN (1); WANG QIUNING (1),对应 2 个不兼容的完整姓名
WEI Z,2,WEI ZIWEN (1); WEI ZHANLAN (1),对应 2 个不兼容的完整姓名
WILLIAMS JJ,2,WILLIAMS JESSICA J (1); WILLIAMS JOSEPH JAY (1),对应 2 个不兼容的完整姓名
WONG J,2,WONG JACQUELINE (1); WONG JESSICA (1),对应 2 个不兼容的完整姓名
WU H,2,WU HAO (1); WU HENGZHI (1),对应 2 个不兼容的完整姓名
WU L,2,WU LIWEI (1); WU LINGFEI (1),对应 2 个不兼容的完整姓名
XIAO Y,2,XIAO YIFEI (1); XIAO YIJIA (1),对应 2 个不兼容的完整姓名
XU R,2,XU RAN (1); XU RUOYU (1),对应 2 个不兼容的完整姓名
XU W,2,XU WEIQI (1); XU WENWEN (1),对应 2 个不兼容的完整姓名
YAN L,2,YAN LINTING (1); YAN LISA (1),对应 2 个不兼容的完整姓名
YAN Z,2,YAN ZHEN (1); YAN ZHENG (1),对应 2 个不兼容的完整姓名
YANG CCY,2,YANG CHRISTOPHER C Y (1); YANG CHRISTOPHER CY (1),对应 2 个不兼容的完整姓名
YANG J,2,YANG JIUMIN (1); YANG JIZE (1),对应 2 个不兼容的完整姓名
YANG R,2,YANG RUNZE (1); YANG RONGHUI (1),对应 2 个不兼容的完整姓名
YU H,2,YU HAO (1); YU HAORAN (1),对应 2 个不兼容的完整姓名
YU J,2,YU JUNNAN (1); YU JIAEN (1),对应 2 个不兼容的完整姓名
YU M,2,YU MARVIN (1); YU MATTHEW (1),对应 2 个不兼容的完整姓名
YU N,2,YU NENGBAO (1); YU NENGHAI (1),对应 2 个不兼容的完整姓名
YU S,2,YU SHIZHONG (1); YU SHUFAN (1),对应 2 个不兼容的完整姓名
YU Y,2,YU YUE (1); YU YICHEN (1),对应 2 个不兼容的完整姓名
YUAN J,2,YUAN JUNYING (1); YUAN JIAWEI (1),对应 2 个不兼容的完整姓名
ZHANG A,2,ZHANG ANNI (1); ZHANG ADAM (1),对应 2 个不兼容的完整姓名
ZHANG C,2,ZHANG CHAO (1); ZHANG CHENGYU (1),对应 2 个不兼容的完整姓名
ZHANG D,2,ZHANG DI (1); ZHANG DONGXIANG (1),对应 2 个不兼容的完整姓名
ZHANG R,2,ZHANG RITENG (1); ZHANG RUI (1),对应 2 个不兼容的完整姓名
ZHANG W,2,ZHANG WENYU (1); ZHANG WEIMING (1),对应 2 个不兼容的完整姓名
ZHAO H,2,ZHAO HANYU (1); ZHAO HANZHANG (1),对应 2 个不兼容的完整姓名
ZHAO L,2,ZHAO LAN (1); ZHAO LI (1),对应 2 个不兼容的完整姓名
ZHAO S,2,ZHAO SUBO (1); ZHAO STANLEY (1),对应 2 个不兼容的完整姓名
ZHENG T,2,ZHENG TAO (1); ZHENG TINA (1),对应 2 个不兼容的完整姓名
ZHONG L,2,ZHONG LU (1); ZHONG LINRONG (1),对应 2 个不兼容的完整姓名
ZHOU H,2,ZHOU HONGQIAN (1); ZHOU HAOYU (1),对应 2 个不兼容的完整姓名
ZHOU S,2,ZHOU SHUYAO (1); ZHOU SHURUI (1),对应 2 个不兼容的完整姓名
ZHOU Z,2,ZHOU ZHENGYI (1); ZHOU ZHONGYI (1),对应 2 个不兼容的完整姓名
ZHU H,2,ZHU HUAIZHONG (1); ZHU HAOGANG (1),对应 2 个不兼容的完整姓名
VENKATESH V,1,VENKATESH VARSHINI (1); VENKATESH VAISHNAVI (1),对应 2 个不兼容的完整姓名
