author,full_name,raw_degree,degree,references,highest_in_homonym_group,entered_table4_top10
SHEARD J,SHEARD JUDY,26983,0.6966590932562222,1849,True,True
HOU X,HOU XINYING,11919,0.3077300423422493,353,True,False
LAU S,LAU SAM,11786,0.30429618919756274,326,True,False
KUMAR V,KUMAR VIRAJ,9718,0.2509036455643912,392,True,False
PETTIT V,PETTIT VEE,9588,0.2475472477537953,163,True,False
SHAH A,SHAH ANSHUL,9000,0.23236600227202314,391,True,False
WRIGHT J,WRIGHT JARED,8350,0.2155840132190437,126,True,False
WU Z,WU ZIHAN,7930,0.20474026644634927,262,True,False
YANG S,YANG STEPHANIE,7862,0.20298461220696065,305,True,False
FOWLER M,FOWLER MAX,7403,0.19113394609108747,351,True,False
CHEN Y,CHEN YAN,7332,0.18930083651760818,495,True,False
JIANG J,JIANG JING,6641,0.1714602912320562,211,True,False
ZHANG L,ZHANG LI,6641,0.1714602912320562,211,True,False
ZHU T,ZHU TINGTING,6612,0.17071155633584634,438,True,False
MA X,MA XIAOJUAN,5565,0.14367964473820097,192,True,False
AGARWAL A,AGARWAL ARAV,5359,0.13836104513064132,125,True,False
WANG X,WANG XU,5249,0.13552101621398327,174,True,False
BARNES T,BARNES TIFFANY,5127,0.13237116596096252,274,True,False
WANG X,WANG XIAONING,4905,0.12663947123825262,63,False,False
KAPOOR A,KAPOOR AMANPREET,4598,0.11871320871630693,105,True,False
KIM J,KIM JOANNE,4567,0.1179128369307033,105,True,False
KIM Y,KIM YUBIN,4544,0.1173190127026748,45,True,False
LI N,LI NERO,4544,0.1173190127026748,45,True,False
WANG A,WANG ALBERT,4544,0.1173190127026748,45,True,False
LIU D,LIU DAVID,4365,0.11269751110193121,165,True,False
ALI M,ALI MURTAZA,4358,0.11251678198905297,226,True,False
SANTOS JCS,SANTOS JOANNA CS,4355,0.1124393266549623,147,True,False
ZHU Y,ZHU YINGHAO,4288,0.11070949086027057,65,True,False
PANG A,PANG AMY,4214,0.1087989259527006,94,True,False
MA S,MA SHUAI,4129,0.10660435815346483,85,True,False
WANG J,WANG JUNLING,4129,0.10660435815346483,85,True,False
ZHANG Y,ZHANG YUANHAO,4129,0.10660435815346483,85,True,False
WANG T,WANG TIANJIA,3802,0.09816172673758133,189,True,False
ZHANG L,ZHANG LISA,3716,0.09594134049364866,111,False,False
KO AJ,KO AMY J,3524,0.0909841991118455,450,True,False
XU Y,XU YUDIAN,3296,0.08509759372095425,45,True,False
ZHAO H,ZHAO HANZHANG,3296,0.08509759372095425,45,True,False
WU M,WU MENGYAN,3286,0.08483940927398534,119,True,False
LI H,LI HAOLIN,3226,0.08329030259217185,42,True,False
LIU D,LIU DYLAN,2935,0.07577713518537643,97,False,False
WANG D,WANG DAKUO,2655,0.06854797067024683,304,True,False
WANG T,WANG TAOZHI,2643,0.06823814933388413,59,False,False
ZHANG J,ZHANG JURAN,2643,0.06823814933388413,59,True,False
ZHENG Y,ZHENG YUJIA,2643,0.06823814933388413,59,True,False
WANG Q,WANG QIUNING,2577,0.06653413198388929,108,True,False
ZHOU X,ZHOU XIAOBO,2577,0.06653413198388929,108,True,False
ZHU Y,ZHU YUJUN,2577,0.06653413198388929,108,False,False
ZHANG J,ZHANG JIAYI,2492,0.06433956418465352,76,False,False
SHARMA S,SHARMA SANCHIT,2462,0.06356501084374677,84,True,False
LIN K,LIN KEVIN,2428,0.06268718372405246,20,True,False
CHEN X,CHEN XI,2376,0.06134462459981411,95,True,False
LIU F,LIU FANG,2353,0.0607508003717856,146,True,False
CHEN M,CHEN MELISSA,2288,0.059072601466487656,62,True,False
JIANG S,JIANG SHUAISHUAI,2226,0.057471857895280386,36,True,False
SHEN J,SHEN JIYUN,2226,0.057471857895280386,36,True,False
HUANG Y,HUANG YIYI,2176,0.05618093566043582,98,True,False
JIANG J,JIANG JUN,2176,0.05618093566043582,98,False,False
JIN J,JIN JING,2176,0.05618093566043582,98,True,False
KIM D,KIM DAVID,2176,0.05618093566043582,98,True,False
LEE J,LEE JOHNNY,2176,0.05618093566043582,98,True,False
LI N,LI NA,2176,0.05618093566043582,98,False,False
XU Z,XU ZHENG,2176,0.05618093566043582,98,True,False
ZHANG Y,ZHANG YINDA,2176,0.05618093566043582,98,False,False
ZHOU Z,ZHOU ZHONGYI,2176,0.05618093566043582,98,True,False
LIU Z,LIU ZIFENG,2144,0.055354745430135285,150,True,False
MENDES A,MENDES ANTONIO,2113,0.054554373644531653,171,True,False
MAJUMDAR R,MAJUMDAR RUPAK,2065,0.05331508829908086,12,True,False
LIU X,LIU XUYE,2051,0.05295363007332438,145,True,False
LIU J,LIU JONATHAN,2041,0.05269544562635547,138,True,False
LI G,LI GE,2028,0.05235980584529588,143,True,False
LI T,LI TIANYI,1939,0.05006196426727254,91,True,False
ZHOU Y,ZHOU YUZHE,1939,0.05006196426727254,91,True,False
GHOSH S,GHOSH SOUROJIT,1925,0.04970050604151606,136,True,False
SHI M,SHI MENGQI,1925,0.04970050604151606,136,True,False
ZHANG X,ZHANG XIAOLING,1923,0.04964886915212228,25,True,False
QU X,QU XIANSHAN,1913,0.04939068470515336,41,True,False
CHEN Z,CHEN ZHENYU,1908,0.049261592481668906,242,True,False
MA Y,MA YUXIANG,1908,0.049261592481668906,242,True,False
ZHANG Q,ZHANG QUANJUN,1908,0.049261592481668906,242,True,False
HUANG Y,HUANG YU,1908,0.049261592481668906,128,False,False
GROVER S,GROVER SHUCHI,1859,0.047996488691521226,183,True,False
WU Y,WU YLESIA,1853,0.047841578023339874,78,True,False
LI Z,LI ZHONGQI,1823,0.04706702468243313,100,True,False
MA Y,MA YUCHI,1823,0.04706702468243313,100,False,False
PARK H,PARK HYESUNG,1783,0.04603428689455747,46,True,False
XU X,XU XIN,1783,0.04603428689455747,46,True,False
FIGUEIREDO J,FIGUEIREDO JOSÉ,1780,0.045956831560466795,161,True,False
NGUYEN H,NGUYEN HUNG,1768,0.0456470102241041,250,True,False
PANG A,PANG ASHLEY,1763,0.04551791800061964,51,False,False
ZHANG Y,ZHANG YI,1755,0.045311370443044514,200,False,False
SINGH P,SINGH PARAMVIR,1724,0.044510998657440876,61,True,False
CHEN H,CHEN HONGXUAN,1717,0.04433026954456264,125,True,False
LU X,LU XUESONG,1675,0.043245894867293196,85,True,False
CHEN L,CHEN LI,1670,0.04311680264380874,20,True,False
JIN S,JIN SHUNFU,1668,0.04306516575441496,141,True,False
TIAN H,TIAN HAOYE,1668,0.04306516575441496,141,True,False
YANG B,YANG BOYANG,1668,0.04306516575441496,141,True,False
JIANG Y,JIANG YUCHAO,1660,0.04285861819683982,63,True,False
ZHANG J,ZHANG JIALU,1640,0.042342249302901994,69,False,False
CAO Y,CAO YINGJUN,1633,0.042161520190023755,82,True,False
KIM J,KIM JUHO,1632,0.04213570174532686,157,False,False
FAN J,FAN JING,1540,0.039760404833212845,39,True,False
TANG Y,TANG YICHENG,1540,0.039760404833212845,39,True,False
CHEN PH,CHEN PEI-HUA,1532,0.03955385727563772,147,True,False
LAU S,LAU SAMUEL,1517,0.03916658060518435,33,False,False
SHAH A,SHAH AYUSH,1517,0.03916658060518435,33,False,False
YU J,YU JIAEN,1517,0.03916658060518435,33,True,False
PAN Y,PAN YUHAN,1470,0.03795311370443045,123,True,False
LIU R,LIU RONGXIN,1463,0.0377723845915522,17,True,False
GHOSH A,GHOSH AHANA,1459,0.03766911081276464,34,True,False
ZHANG X,ZHANG XUE,1454,0.03754001858928018,219,False,False
SATO M,SATO MIYU,1447,0.03735928947640194,45,True,False
ZHAO J,ZHAO JULIANNA,1438,0.037126923474129915,13,True,False
CHEN Z,CHEN ZHENGHAO,1432,0.03697201280594857,67,False,False
LIU Y,LIU YANG,1432,0.03697201280594857,67,True,False
YAN Z,YAN ZHEN,1432,0.03697201280594857,67,True,False
ZHOU Y,ZHOU YUFEI,1432,0.03697201280594857,67,False,False
SHARMA S,SHARMA SAKSHAM,1415,0.036533099246101416,13,False,False
LI W,LI WENGXI,1410,0.03640400702261696,22,True,False
WANG J,WANG JINGYUN,1406,0.03630073324382939,44,False,False
HUANG Y,HUANG YUN,1402,0.036197459465041826,126,False,False
GUO M,GUO MINGYUE,1386,0.03578436434989156,56,True,False
XIAO Y,XIAO YIJIA,1369,0.035345450790044405,40,True,False
ZHANG H,ZHANG HANG,1369,0.035345450790044405,40,True,False
YANG Y,YANG YALONG,1365,0.03524217701125684,87,True,False
WANG X,WANG XUAN,1364,0.03521635856655995,171,False,False
SUN Y,SUN YIFAN,1351,0.034880718785500364,88,True,False
WANG Y,WANG YIMENG,1351,0.034880718785500364,88,True,False
ZHANG Y,ZHANG YIXUAN,1351,0.034880718785500364,88,False,False
VENKATESH V,VENKATESH VAISHNAVI,1346,0.03475162656201591,27,True,False
VENKATESH V,VENKATESH VARSHINI,1346,0.03475162656201591,27,False,False
LIANG J,LIANG JINGSAI,1328,0.03428689455747186,8,True,False
XU Z,XU ZHENYU,1323,0.0341578023339874,29,False,False
ZHANG K,ZHANG KUN,1323,0.0341578023339874,29,True,False
LIU K,LIU KANG,1320,0.034080346999896725,26,True,False
ZHANG J,ZHANG JINGYING,1320,0.034080346999896725,26,False,False
CHEN Y,CHEN YUXUAN,1315,0.03395125477641227,36,False,False
DU H,DU HENG,1311,0.033847980997624705,35,True,False
YANG Y,YANG YURI,1309,0.03379634410823092,14,False,False
WANG W,WANG WENGRAN,1290,0.03330579365898998,71,True,False
ZHAO J,ZHAO JIAN,1277,0.03297015387793039,70,False,False
WANG M,WANG MINHONG,1240,0.03201487142414541,91,True,False
CHEN H,CHEN HANLIN,1223,0.03157595786429825,39,False,False
LIU Q,LIU QI,1221,0.03152432097490447,43,True,False
HOU Y,HOU YUNFEI,1221,0.03152432097490447,25,True,False
RECKINGER S,RECKINGER SHANON,1220,0.03149850253020758,13,True,False
LIU S,LIU SA,1208,0.031188681193844884,6,True,False
PATEL K,PATEL KUSH,1186,0.03062067541051327,15,True,False
WANG A,WANG ANJIA,1183,0.030543220076422597,16,False,False
YAN Y,YAN YONGHONG,1183,0.030543220076422597,16,True,False
FISCHER B,FISCHER BJÖRN,1179,0.03043994629763503,29,True,False
LI M,LI MIN,1172,0.03025921718475679,54,True,False
WANG C,WANG CHUN,1172,0.03025921718475679,54,True,False
LIU M,LIU MING,1155,0.029820303624909634,63,True,False
XU H,XU HANDAN,1155,0.029820303624909634,63,True,False
ZHONG L,ZHONG LINRONG,1155,0.029820303624909634,63,True,False
ZHANG L,ZHANG LIYIN,1148,0.029639574512031395,124,False,False
JI S,JI SHENMING,1145,0.029562119177940722,79,True,False
LI Y,LI YICAO,1145,0.029562119177940722,79,True,False
TANG J,TANG JINGWEI,1145,0.029562119177940722,79,True,False
LEE S,LEE SEUNG,1145,0.029562119177940722,9,True,False
WAN H,WAN HAN,1144,0.029536300733243828,71,True,False
YANG Y,YANG YINUO,1140,0.029433026954456265,68,False,False
GONG D,GONG DUO,1137,0.02935557162036559,142,True,False
JIANG J,JIANG JIAQI,1137,0.02935557162036559,142,False,False
LI Y,LI YUEKANG,1137,0.02935557162036559,19,False,False
SHRESTHA S,SHRESTHA SAIMON,1135,0.029303934730971808,33,True,False
WANG Y,WANG YI,1131,0.02920066095218424,115,False,False
PARK SM,PARK SEONG MIN,1131,0.02920066095218424,31,True,False
RYOO J,RYOO JEEHO,1131,0.02920066095218424,31,True,False
ZHANG L,ZHANG LEI,1130,0.02917484250748735,91,False,False
ZHOU S,ZHOU SHUYAO,1130,0.02917484250748735,91,True,False
ZHANG S,ZHANG SHAN,1123,0.028994113394609108,97,True,False
LEVINE S,LEVINE SIDNEY,1094,0.028245378498399257,67,True,False
PRASAD S,PRASAD SIDDHARTHA,1094,0.028245378498399257,67,True,False
WANG Y,WANG YIYI,1091,0.02816792316430858,37,False,False
WONG W,WONG WENDY,1087,0.028064649385521015,9,True,False
AGARWAL A,AGARWAL ACHLA,1071,0.027651554270370752,1,False,False
CAO Y,CAO YING,1071,0.027651554270370752,1,False,False
CHEN C,CHEN CHAO,1071,0.027651554270370752,1,True,False
CHEN L,CHEN LIWEI,1071,0.027651554270370752,1,False,False
CHEN M,CHEN MATT,1071,0.027651554270370752,1,False,False
CHEN Y,CHEN YU,1071,0.027651554270370752,1,False,False
FALKNER K,FALKNER KATRIA,1071,0.027651554270370752,1,True,False
FELLAH A,FELLAH ABDELAZIZ,1071,0.027651554270370752,1,True,False
FELLAH A,FELLAH AZIZ,1071,0.027651554270370752,1,False,False
FENG C,FENG CHAO,1071,0.027651554270370752,1,True,False
FISCHER B,FISCHER BJOERN,1071,0.027651554270370752,1,False,False
FISCHER B,FISCHER BRYAN,1071,0.027651554270370752,1,False,False
FU X,FU XINYU,1071,0.027651554270370752,1,True,False
GAO W,GAO WEIBO,1071,0.027651554270370752,1,True,False
GAO X,GAO XUEYAN,1071,0.027651554270370752,1,True,False
GREEN N,GREEN NICHOLAS,1071,0.027651554270370752,1,True,False
GUO R,GUO RUI,1071,0.027651554270370752,1,True,False
HU Y,HU YANFENG,1071,0.027651554270370752,1,True,False
HUANG Z,HUANG ZHENYA,1071,0.027651554270370752,1,True,False
JIN J,JIN JIHO,1071,0.027651554270370752,1,False,False
KAPOOR A,KAPOOR ARPAN,1071,0.027651554270370752,1,False,False
KAUR M,KAUR MEHAKPREET,1071,0.027651554270370752,1,True,False
KIM D,KIM DOYOUN,1071,0.027651554270370752,1,False,False
KIM G,KIM GRACE,1071,0.027651554270370752,1,True,False
KIM J,KIM JOOBUM,1071,0.027651554270370752,1,False,False
KIM SB,KIM S B,1071,0.027651554270370752,1,True,False
KONOMI S,KONOMI SHIN'ICHI,1071,0.027651554270370752,1,True,False
LEE C,LEE CHANGYOON,1071,0.027651554270370752,1,True,False
LI B,LI BINYONG,1071,0.027651554270370752,1,True,False
LI C,LI CHUNRONG,1071,0.027651554270370752,1,True,False
LI F,LI FANG,1071,0.027651554270370752,1,True,False
LI Y,LI YIWEI,1071,0.027651554270370752,1,False,False
LI Z,LI ZHI,1071,0.027651554270370752,1,False,False
LIU C,LIU CHEN,1071,0.027651554270370752,1,True,False
LIU J,LIU JIAXIN,1071,0.027651554270370752,1,False,False
LIU K,LIU KATIE,1071,0.027651554270370752,1,False,False
LIU X,LIU XINER,1071,0.027651554270370752,1,False,False
MAJUMDAR R,MAJUMDAR RWITAJIT,1071,0.027651554270370752,1,False,False
MILLIKEN A,MILLIKEN ALEX,1071,0.027651554270370752,1,True,False
MOR P,MOR PARY,1071,0.027651554270370752,1,True,False
NGUYEN H,NGUYEN HUY,1071,0.027651554270370752,1,False,False
PRASAD S,PRASAD SUSHIL,1071,0.027651554270370752,1,False,False
RECKINGER S,RECKINGER SCOTT,1071,0.027651554270370752,1,False,False
ROBINSON R,ROBINSON RICHARD,1071,0.027651554270370752,1,True,False
SHANKARANARAYANAN G,SHANKARANARAYANAN G,1071,0.027651554270370752,1,True,False
SHANKARANARAYANAN G,SHANKARANARAYANAN GANESAN,1071,0.027651554270370752,1,False,False
SHEN S,SHEN SHUANGHONG,1071,0.027651554270370752,1,True,False
SHEN Y,SHEN YUZHONG,1071,0.027651554270370752,1,True,False
SONG KS,SONG K S,1071,0.027651554270370752,1,True,False
SONG Y,SONG YANG,1071,0.027651554270370752,1,True,False
SONG Y,SONG YUQI,1071,0.027651554270370752,1,False,False
SUN X,SUN XIMING,1071,0.027651554270370752,1,True,False
TAMANG L,TAMANG LASAGN,1071,0.027651554270370752,1,True,False
TAMANG L,TAMANG LASANG,1071,0.027651554270370752,1,False,False
TUCKER A,TUCKER ANIYAH,1071,0.027651554270370752,1,True,False
WANG T,WANG TIANFU,1071,0.027651554270370752,1,False,False
WANG Y,WANG YANG,1071,0.027651554270370752,1,False,False
WEI Z,WEI ZHANLAN,1071,0.027651554270370752,1,True,False
WRIGHT J,WRIGHT JOHN,1071,0.027651554270370752,1,False,False
XU R,XU RUOYU,1071,0.027651554270370752,1,True,False
YANG B,YANG BOKAI,1071,0.027651554270370752,1,False,False
ZHANG A,ZHANG ADAM,1071,0.027651554270370752,1,True,False
ZHANG A,ZHANG ANNI,1071,0.027651554270370752,1,False,False
ZHANG R,ZHANG RUI,1071,0.027651554270370752,1,True,False
ZHANG X,ZHANG XIN,1071,0.027651554270370752,1,False,False
ZHANG Y,ZHANG YATING,1071,0.027651554270370752,1,False,False
ZHANG Y,ZHANG YIHAN,1071,0.027651554270370752,1,False,False
ZHANG Z,ZHANG ZHENG,1071,0.027651554270370752,1,True,False
ZHENG T,ZHENG TINA,1071,0.027651554270370752,1,True,False
ZHENG Y,ZHENG YIFEI,1071,0.027651554270370752,1,False,False
WANG H,WANG HAITAO,1070,0.02762573582567386,80,True,False
YU H,YU HAORAN,1070,0.02762573582567386,80,True,False
JI S,JI SHOULING,1061,0.027393369823401837,108,False,False
LI W,LI WEI,1044,0.026954456263554683,154,False,False
GUO R,GUO RONG,1040,0.026851182484767117,65,False,False
LI G,LI GUIAN,1040,0.026851182484767117,65,False,False
FALKNER K,FALKNER KATRINA,1026,0.02648972425901064,88,False,False
KWON K,KWON KIBUM,1002,0.025870081586285242,47,True,False
LEE D,LEE DONGEUN,1002,0.025870081586285242,47,True,False
LIU H,LIU HENGYUAN,990,0.025560260249922546,133,True,False
LI H,LI HUI,989,0.02553444180522565,61,False,False
SUN X,SUN XINJIE,989,0.02553444180522565,61,False,False
XU R,XU RAN,989,0.02553444180522565,61,False,False
MILLIKEN A,MILLIKEN ALEXANDRA,982,0.025353712692347413,45,False,False
SCHUNN C,SCHUNN CHRISTIAN D,980,0.02530207580295363,70,True,False
LI Y,LI YIXUN,978,0.025250438913559846,155,False,False
YU J,YU JUNNAN,978,0.025250438913559846,155,False,False
ZHOU X,ZHOU XIAOFEI,962,0.024837343798409583,80,False,False
SCHUNN C,SCHUNN CHRISTIAN,959,0.02475988846431891,82,False,False
LIU J,LIU JINFANG,953,0.024604977796137562,124,False,False
ZHANG Y,ZHANG YUFAN,917,0.02367551378704947,20,False,False
WU T,WU TONG,900,0.023236600227202312,82,True,False
LEE S,LEE SEONGHEE,894,0.023081689559020964,94,False,False
LEE C,LEE CYNTHIA,886,0.022875142001445834,40,False,False
CHEN Z,CHEN ZHAN,885,0.02284932355674894,88,False,False
LIU F,LIU FA,885,0.02284932355674894,88,False,False
WANG C,WANG CHENGLIANG,885,0.02284932355674894,88,False,False
WANG H,WANG HAOMING,885,0.02284932355674894,88,False,False
XU X,XU XIANLONG,885,0.02284932355674894,88,False,False
LI A,LI ANNIE,883,0.02279768666735516,39,True,False
LI H,LI HANNING,881,0.022746049777961377,48,False,False
CHEN J,CHEN JIAJU,872,0.022513683775689353,70,True,False
LIU J,LIU JIALI,872,0.022513683775689353,70,False,False
LU Y,LU YUXUAN,872,0.022513683775689353,70,True,False
SUN Y,SUN YULING,872,0.022513683775689353,70,False,False
XU Y,XU YING,872,0.022513683775689353,70,False,False
LIU Y,LIU YONG,871,0.022487865330992462,105,False,False
MENDES A,MENDES ALEXANDRA,869,0.022436228441598677,82,False,False
NGUYEN H,NGUYEN HA,866,0.022358773107508004,135,False,False
LEE D,LEE DYLAN,855,0.0220747702158422,57,False,False
LI M,LI MENGYING,853,0.022023133326448414,44,False,False
LUO H,LUO HONGZHEN,853,0.022023133326448414,44,True,False
WONG J,WONG JACQUELINE,851,0.021971496437054632,33,True,False
REN J,REN JIADONG,843,0.0217649488794795,68,True,False
ZHANG H,ZHANG HONGYU,843,0.0217649488794795,68,False,False
LI T,LI TIANSHI,839,0.021661675100691936,134,False,False
ZHOU S,ZHOU SHURUI,839,0.021661675100691936,134,False,False
WU Y,WU YIFEI,825,0.021300216874935454,36,False,False
SHEN J,SHEN JIAYI,815,0.02104203242796654,76,False,False
ZHANG H,ZHANG HAO,807,0.020835484870391406,89,False,False
SAHA K,SAHA KOUSTUV,801,0.020680574202210058,185,True,False
PARK S,PARK SOYA,786,0.020293297531756686,76,True,False
WU L,WU LINGFEI,786,0.020293297531756686,76,True,False
GUO M,GUO MEIZE,776,0.02003511308478777,79,False,False
KIM J,KIM JIYOUNG,776,0.02003511308478777,79,False,False
KANG X,KANG XIAOLAN,769,0.019854383971909532,92,True,False
WU Y,WU YONGHAO,769,0.019854383971909532,92,False,False
XU H,XU HEXIANG,769,0.019854383971909532,92,False,False
PETTIT V,PETTIT VIRGINIA,769,0.019854383971909532,16,False,False
CHAN L,CHAN LETA,756,0.019518744190849945,110,True,False
YANG Z,YANG ZHANSHAN,754,0.01946710730145616,58,True,False
ZHENG Y,ZHENG YI,754,0.01946710730145616,58,False,False
TUCKER A,TUCKER ALLEN,746,0.01926055974388103,72,False,False
WANG Z,WANG ZHENZHONG,744,0.019208922854487245,34,True,False
LIANG J,LIANG JIARONG,741,0.019131467520396572,61,False,False
LUO H,LUO HENG,741,0.019131467520396572,61,False,False
WU X,WU XI,733,0.01892491996282144,69,True,False
CHAUDHARY S,CHAUDHARY SAURAV,733,0.01892491996282144,35,True,False
SCHULTE C,SCHULTE CARSTEN,732,0.018899101518124548,59,True,False
ZHANG Y,ZHANG YIFAN,730,0.018847464628730767,94,False,False
YU Y,YU YICHEN,730,0.018847464628730767,75,True,False
ZHANG H,ZHANG HAOQI,730,0.018847464628730767,66,False,False
LIU Z,LIU ZHENWEI,725,0.01871837240524631,41,False,False
SHEARD J,SHEARD JUDITHE,719,0.018563461737064958,54,False,False
ZHANG C,ZHANG CHENGYU,715,0.018460187958277394,75,True,False
CHEN L,CHEN LIANGWEI,710,0.018331095734792937,29,False,False
LIU H,LIU HUAYI,697,0.017995455953733346,60,False,False
GROVER S,GROVER SAPNA,697,0.017995455953733346,39,False,False
CHEN H,CHEN HUI,694,0.017918000619642674,42,False,False
ALI A,ALI AREEJ,687,0.01773727150676443,21,True,False
BANSAL A,BANSAL AAKASH,685,0.01768563461737065,89,True,False
LI T,LI TOBY,685,0.01768563461737065,89,False,False
WANG T,WANG TIANZE,671,0.01732417639161417,49,False,False
YANG Z,YANG ZHEYU,671,0.01732417639161417,49,False,False
NIU J,NIU JEFFREY,669,0.017272539502220387,33,True,False
WONG J,WONG JESSICA,669,0.017272539502220387,33,False,False
CHAN L,CHAN LAVEDA,668,0.017246721057523496,103,False,False
WANG L,WANG LINGQING,668,0.017246721057523496,103,True,False
SANTOS JCS,SANTOS JOANNA C S,664,0.01714344727873593,48,False,False
WILLIAMS JJ,WILLIAMS JOSEPH JAY,659,0.017014355055251472,164,True,False
LIU R,LIU RUOHAN,649,0.016756170608282557,79,False,False
QU X,QU XIAODONG,638,0.01647216771661675,21,False,False
JIANG Y,JIANG YINGJIE,635,0.016394712382526076,47,False,False
LI Z,LI ZENGYANG,635,0.016394712382526076,47,False,False
MA Y,MA YUTAO,635,0.016394712382526076,47,False,False
WANG D,WANG DONGYU,635,0.016394712382526076,47,False,False
WANG Y,WANG YEPENG,635,0.016394712382526076,47,False,False
ZHAO Y,ZHAO YUQI,635,0.016394712382526076,47,True,False
SAMARY MM,SAMARY MA\'\IRA MARQUES,634,0.016368893937829185,77,True,False
GUPTA A,GUPTA ANIRUDH,631,0.016291438603738512,40,True,False
SAHA K,SAHA KINTAN,631,0.016291438603738512,40,False,False
WANG L,WANG LIANGHUI,630,0.016265620159041618,20,False,False
XU X,XU XIAODAN,630,0.016265620159041618,20,False,False
TANG J,TANG JULIA,628,0.016213983269647837,123,False,False
HOU Y,HOU YUN,626,0.016162346380254055,13,False,False
GUO Y,GUO YIKE,624,0.01611070949086027,66,True,False
HAN S,HAN SIRUI,624,0.01611070949086027,66,True,False
LIU C,LIU CHENGZHONG,624,0.01611070949086027,66,False,False
DONG X,DONG XINZHENG,612,0.015800888154497574,15,True,False
GAO Z,GAO ZHIZEZHANG,608,0.015697614375710007,61,True,False
HUANG Y,HUANG YING,608,0.015697614375710007,61,False,False
SUN X,SUN XIA,608,0.015697614375710007,61,False,False
ZHANG X,ZHANG XIAO,608,0.015697614375710007,61,False,False
LI Y,LI YANG,604,0.015594340596922442,10,False,False
LU Y,LU YAO,601,0.015516885262831768,68,False,False
KONOMI S,KONOMI SHIN’ICHI,599,0.015465248373437985,19,False,False
ZHAO Y,ZHAO YUQIAN,597,0.015413611484044201,39,False,False
CHEN H,CHEN HAIHUA,597,0.015413611484044201,31,False,False
LI C,LI CHENGLU,596,0.01538779303934731,84,False,False
CHEN X,CHEN XIANG,588,0.015181245481772179,71,False,False
WAN H,WAN HAIPENG,578,0.014923061034803264,118,False,False
MOHAMED A,MOHAMED ABDALLAH,578,0.014923061034803264,40,True,False
LIU Z,LIU ZITAO,561,0.014484147474956108,126,False,False
CHEN L,CHEN LIANGYU,556,0.014355055251471651,92,False,False
LIU S,LIU SUQING,552,0.014251781472684086,30,False,False
YU Z,YU ZEZHU,552,0.014251781472684086,30,True,False
LI X,LI XIAOZHI,545,0.014071052359805845,57,True,False
ZHANG W,ZHANG WENYU,545,0.014071052359805845,57,True,False
ZHOU Y,ZHOU YUXIN,545,0.014071052359805845,57,False,False
LEE J,LEE JIWON,531,0.013709594134049366,21,False,False
CHEN S,CHEN STELLA,528,0.01363213879995869,10,True,False
KUMAR A,KUMAR AAYUSH,528,0.01363213879995869,10,True,False
LI B,LI BRUCE,524,0.013528865021171125,59,False,False
JING L,JING LIYING,522,0.013477228131777342,46,True,False
HAN S,HAN SIQI,505,0.013038314571930188,33,False,False
WANG Y,WANG YU,505,0.013038314571930188,33,False,False
WU H,WU HENGZHI,503,0.012986677682536404,14,True,False
YUAN J,YUAN JUNYING,503,0.012986677682536404,14,True,False
LI H,LI HAOTIAN,499,0.012883403903748838,25,False,False
WANG W,WANG WEI,492,0.012702674790870599,49,False,False
HOU X,HOU XIAOJING,492,0.012702674790870599,33,False,False
LIU Z,LIU ZHICHUN,492,0.012702674790870599,33,False,False
LI G,LI GANGYANG,490,0.012651037901476815,70,False,False
YU N,YU NENGHAI,490,0.012651037901476815,70,True,False
ZHANG J,ZHANG JUNQI,490,0.012651037901476815,70,False,False
ZHANG W,ZHANG WEIMING,490,0.012651037901476815,70,False,False
HERNANDEZ D,HERNANDEZ DILEY,477,0.012315398120417227,41,True,False
SMITH J,SMITH JACQUELINE,469,0.012108850562842095,44,True,False
IYER V,IYER VIKRAM,468,0.012083032118145202,41,True,False
CAO Y,CAO YI,463,0.011953939894660745,24,False,False
ZHAO J,ZHAO JIALU,463,0.011953939894660745,24,False,False
LIU J,LIU JIE,461,0.011902303005266963,60,False,False
WANG J,WANG JIEXIN,461,0.011902303005266963,60,False,False
WANG M,WANG MENGZHEN,461,0.011902303005266963,60,False,False
WU X,WU XIN,461,0.011902303005266963,60,False,False
YANG R,YANG RONGHUI,461,0.011902303005266963,60,True,False
CHEN J,CHEN JIE,458,0.011824847671176288,58,False,False
WANG R,WANG RUI,458,0.011824847671176288,58,True,False
ZHAO J,ZHAO JIAHE,458,0.011824847671176288,58,False,False
ZHANG J,ZHANG JONATHAN,454,0.011721573892388723,40,False,False
KO AJ,KO ANDREW J,453,0.011695755447691832,12,False,False
CHEN X,CHEN XIN,451,0.011644118558298049,45,False,False
GUO Y,GUO YONG,451,0.011644118558298049,45,False,False
JIANG Z,JIANG ZHIJIE,451,0.011644118558298049,45,True,False
LI S,LI SHANSHAN,451,0.011644118558298049,45,True,False
ZHANG Y,ZHANG YUANLIANG,451,0.011644118558298049,45,False,False
HUANG Z,HUANG ZIHENG,451,0.011644118558298049,17,False,False
XU W,XU WENWEN,445,0.011489207890116699,30,True,False
XU Y,XU YINGJIE,445,0.011489207890116699,30,False,False
CHEN PH,CHEN PENG-HSI,443,0.011437571000722917,37,False,False
YANG Z,YANG ZHOU,441,0.011385934111329134,41,False,False
GAO Y,GAO YANG,433,0.011179386553754002,15,True,False
WANG Q,WANG QIYUN,431,0.011127749664360219,78,False,False
WU Y,WU YUZHUO,431,0.011127749664360219,77,False,False
YU X,YU XIAOHUA,431,0.011127749664360219,77,True,False
ZHAO H,ZHAO HANYU,431,0.011127749664360219,77,False,False
SMITH G,SMITH GRAEME,427,0.011024475885572652,41,True,False
LIU Q,LIU QIANHUI,423,0.010921202106785087,38,False,False
LIU Y,LIU YANJIA,420,0.010843746772694413,80,False,False
LI C,LI CUIXIN,417,0.01076629143860374,81,False,False
LI Y,LI YAN,417,0.01076629143860374,81,False,False
MA X,MA XUECHUN,417,0.01076629143860374,81,False,False
DAS S,DAS SYAAMANTAK,417,0.01076629143860374,25,True,False
SINGH P,SINGH PREETI,409,0.010559743881028608,27,False,False
JIANG Y,JIANG YING,403,0.010404833212847258,28,False,False
ZHAO S,ZHAO SUBO,403,0.010404833212847258,28,True,False
LI Z,LI ZHENG,402,0.010379014768150367,62,False,False
LIU Y,LIU YANGTAO,402,0.010379014768150367,62,False,False
YANG Z,YANG ZEZHONG,402,0.010379014768150367,62,False,False
ZHAO L,ZHAO LI,393,0.010146648765878343,70,True,False
ZHANG Y,ZHANG YUHAO,393,0.010146648765878343,36,False,False
CHENG Y,CHENG YUHAO,392,0.010120830321181452,22,True,False
LIU Q,LIU QIYU,392,0.010120830321181452,22,False,False
WANG J,WANG JINGYI,392,0.010120830321181452,22,False,False
WU J,WU JIALIN,392,0.010120830321181452,22,True,False
TAYLOR B,TAYLOR BENJAMIN,387,0.009991738097696995,42,True,False
LI Y,LI YIXUAN,385,0.009940101208303211,11,False,False
LIU J,LIU JUNWEI,385,0.009940101208303211,11,False,False
LEE J,LEE JAEHWAN,382,0.009862645874212537,42,False,False
LEE K,LEE KYUHAN,382,0.009862645874212537,42,True,False
GAO H,GAO HAO,374,0.009656098316637406,45,True,False
HUANG X,HUANG XUEFEI,373,0.009630279871940515,31,True,False
LI Y,LI YING,373,0.009630279871940515,31,False,False
LI Q,LI QUAN,372,0.009604461427243622,58,True,False
WANG X,WANG XIYUAN,372,0.009604461427243622,58,False,False
ZHANG D,ZHANG DONGXIANG,372,0.009604461427243622,32,True,False
HOU Y,HOU YUNTIAN,371,0.009578642982546732,33,False,False
WANG T,WANG TIANSHI,371,0.009578642982546732,33,False,False
WU J,WU JINHENG,371,0.009578642982546732,33,False,False
ZHANG C,ZHANG CHAO,371,0.009578642982546732,33,False,False
ZHANG D,ZHANG DI,371,0.009578642982546732,33,False,False
MA S,MA SEAN,371,0.009578642982546732,26,False,False
HUANG Z,HUANG ZHIJUN,370,0.00955282453784984,54,False,False
LI J,LI JIANXIN,370,0.00955282453784984,54,True,False
LI Q,LI QING,370,0.00955282453784984,54,False,False
LIU S,LIU SHENGYINGJIE,370,0.00955282453784984,54,False,False
DAS S,DAS SANCHARI,370,0.00955282453784984,43,False,False
SHRESTHA S,SHRESTHA SUNNY,370,0.00955282453784984,43,False,False
ZHANG X,ZHANG XIONG,367,0.009475369203759165,55,False,False
RYOO J,RYOO JEAN,365,0.009423732314365383,115,False,False
MOHAMED A,MOHAMED AMR,360,0.009294640090880926,109,False,False
SHI M,SHI MIAOJING,360,0.009294640090880926,28,False,False
JING L,JING LI,359,0.009268821646184033,59,False,False
LI B,LI BANGQI,359,0.009268821646184033,59,False,False
WU J,WU JI,359,0.009268821646184033,59,False,False
ZHU T,ZHU TIANYI,359,0.009268821646184033,59,False,False
NGUYEN TD,NGUYEN THANH-DAT,359,0.009268821646184033,38,True,False
LIU H,LIU HONG,358,0.009243003201487143,24,False,False
GHOSH S,GHOSH SUDIPTO,354,0.009139729422699576,20,False,False
MOR P,MOR PARV,344,0.008881544975730663,12,False,False
SCHULTE C,SCHULTE CHRISTIAN,343,0.00885572653103377,109,False,False
CHEN S,CHEN SI,325,0.008390994526489724,36,False,False
GAO H,GAO HONG,321,0.008287720747702159,56,False,False
LIN Y,LIN YADANAR,316,0.008158628524217702,15,True,False
LU Y,LU YI,314,0.008106991634823918,14,False,False
ALI M,ALI MD,313,0.008081173190127027,29,False,False
WONG W,WONG WINNIE,307,0.007926262521945678,16,False,False
YU M,YU MARVIN,307,0.007926262521945678,16,True,False
GUO Y,GUO YAPING,303,0.007822988743158113,20,False,False
WEI Z,WEI ZIWEN,303,0.007822988743158113,20,False,False
KIM J,KIM JULIAN,301,0.007771351853764329,11,False,False
TANG J,TANG JESSIE,299,0.007719714964370546,24,False,False
YANG CCY,YANG CHRISTOPHER CY,299,0.007719714964370546,22,True,False
KUMAR V,KUMAR VISHESH,296,0.007642259630279872,52,False,False
JIN S,JIN SOONHEON,293,0.007564804296189198,29,False,False
KIM G,KIM GYUHO,293,0.007564804296189198,29,False,False
KIM J,KIM JINSEOK,293,0.007564804296189198,29,False,False
KIM Y,KIM YOUNGPIL,293,0.007564804296189198,29,False,False
LEE K,LEE KYUNGWOON,293,0.007564804296189198,29,False,False
PARK H,PARK HYUNCHAN,293,0.007564804296189198,29,False,False
DONG X,DONG XINRAN,291,0.0075131674067954145,60,False,False
XU W,XU WEIQI,291,0.0075131674067954145,60,False,False
HUANG X,HUANG XINYI,285,0.007358256738614066,17,False,False
LIU X,LIU XIAOJIN,279,0.007203346070432717,22,False,False
LI X,LI XIAOBIN,271,0.006996798512857586,14,False,False
REN J,REN JIE,271,0.006996798512857586,14,False,False
TIAN H,TIAN HAO,271,0.006996798512857586,14,False,False
ZHU Y,ZHU YIFEI,267,0.00689352473407002,10,False,False
YU X,YU XIAOJING,266,0.006867706289373128,13,False,False
LI A,LI ALICE,263,0.006790250955282454,60,False,False
WANG Z,WANG ZHENYI,263,0.006790250955282454,21,False,False
ZHENG Y,ZHENG YAFENG,263,0.006790250955282454,21,False,False
ZHOU X,ZHOU XINYI,263,0.006790250955282454,21,False,False
CHEN Y,CHEN YINXIAN,261,0.006738614065888671,105,False,False
YU H,YU HAO,261,0.006738614065888671,105,False,False
LODI M,LODI MICHAEL,260,0.006712795621191779,26,True,False
LI Y,LI YIXIN,260,0.006712795621191779,21,False,False
TANG Y,TANG YUMIN,260,0.006712795621191779,21,False,False
YU Y,YU YUE,260,0.006712795621191779,21,False,False
KIM SB,KIM SEONG BAEG,260,0.006712795621191779,18,False,False
SOLOMON B,SOLOMON BRAD,258,0.006661158731797997,20,True,False
KWON K,KWON KYUNGBIN,256,0.006609521842404213,46,False,False
WANG R,WANG RUIYUN,254,0.006557884953010431,36,False,False
YANG J,YANG JIUMIN,254,0.006557884953010431,36,True,False
ZHOU Y,ZHOU YUCHEN,254,0.006557884953010431,27,False,False
IYER V,IYER VIGHNESH,254,0.006557884953010431,16,False,False
NGUYEN TD,NGUYEN THU D,250,0.006454611174222865,41,False,False
YU N,YU NENGBAO,248,0.006402974284829082,6,False,False
ZHANG Q,ZHANG QUAN,248,0.006402974284829082,6,False,False
LI W,LI WENXIN,244,0.006299700506041516,30,False,False
ZHAO Y,ZHAO YANNI,241,0.006222245171950842,20,False,False
ZHU H,ZHU HUAIZHONG,241,0.006222245171950842,20,True,False
LIU D,LIU DANDAN,239,0.006170608282557059,42,False,False
HUANG S,HUANG SHIHONG,239,0.006170608282557059,6,True,False
SMITH J,SMITH JAMES,236,0.0060931529484663845,6,False,False
CHEN C,CHEN CHAORAN,234,0.006041516059072601,28,False,False
WU T,WU TONGSHUANG,234,0.006041516059072601,28,False,False
CHENG Y,CHENG YIHONG,232,0.005989879169678819,5,False,False
ZHANG H,ZHANG HELEN,232,0.005989879169678819,5,False,False
CHEN S,CHEN SHUGUANG,226,0.00583496850149747,25,False,False
TANG Z,TANG ZHENGYI,226,0.00583496850149747,25,True,False
WANG J,WANG JINSHUI,226,0.00583496850149747,25,False,False
PARK S,PARK SUNWOO,225,0.005809150056800578,46,False,False
HU Y,HU YANG,222,0.005731694722709904,21,False,False
LEI Y,LEI YINCHEN,221,0.005705876278013012,58,True,False
CHAUDHARY S,CHAUDHARY SUHANI,220,0.005680057833316121,11,False,False
LI J,LI JIA,219,0.00565423938861923,44,False,False
LI Y,LI YONGMIN,219,0.00565423938861923,44,False,False
YANG R,YANG RUNZE,219,0.00565423938861923,12,False,False
ZHANG X,ZHANG XIAOZHOU,219,0.00565423938861923,12,False,False
GAO X,GAO XUAN,218,0.005628420943922338,32,False,False
YAN L,YAN LINTING,218,0.005628420943922338,32,True,False
YU Z,YU ZHIBIN,218,0.005628420943922338,32,False,False
FU X,FU XIN,217,0.0056026024992254465,24,False,False
LEI Y,LEI YU,217,0.0056026024992254465,24,False,False
ZHAO J,ZHAO JINGJIE,217,0.0056026024992254465,24,False,False
NIU J,NIU JIAYU,216,0.005576784054528555,66,False,False
ZHONG L,ZHONG LU,216,0.005576784054528555,66,False,False
LI Y,LI YI,216,0.005576784054528555,22,False,False
SAMARY MM,SAMARY MAIRA MARQUES,216,0.005576784054528555,22,False,False
ZHANG R,ZHANG RITENG,216,0.005576784054528555,22,False,False
SMITH S,SMITH SAMANTHA,215,0.005550965609831664,7,True,False
WANG T,WANG TAO,208,0.005370236496953423,21,False,False
ZHANG Q,ZHANG QIAN,208,0.005370236496953423,21,False,False
FIGUEIREDO J,FIGUEIREDO JORGE,205,0.005292781162862749,14,False,False
WILLIAMS JJ,WILLIAMS JESSICA J,201,0.0051895073840751834,48,False,False
GUO S,GUO SHOUCHAO,201,0.0051895073840751834,11,True,False
SUN Y,SUN YUQIAN,201,0.0051895073840751834,11,False,False
XU Z,XU ZHENGUO,201,0.0051895073840751834,11,False,False
ZHAO S,ZHAO STANLEY,197,0.005086233605287618,33,False,False
LI N,LI NAN,195,0.005034596715893834,7,False,False
SINGH P,SINGH PUSHPENDRA,194,0.005008778271196943,85,False,False
FANG Y,FANG YINGTAO,194,0.005008778271196943,43,True,False
HUANG Y,HUANG YOURUI,194,0.005008778271196943,43,False,False
WANG Y,WANG YONG,194,0.005008778271196943,43,False,False
FAN J,FAN JIXIANG,194,0.005008778271196943,41,False,False
LIU M,LIU MENGQI,191,0.004931322937106269,17,False,False
YANG CCY,YANG CHRISTOPHER C Y,190,0.004905504492409377,41,False,False
FOWLER M,FOWLER MEGAN,190,0.004905504492409377,12,False,False
GHOSH A,GHOSH ABHIMANYU,182,0.004698956934834245,24,False,False
SUN X,SUN XIAOYAN,180,0.004647320045440463,18,False,False
LI F,LI FEI,176,0.004544046266652897,16,False,False
WU L,WU LIWEI,176,0.004544046266652897,16,False,False
WU Y,WU YOUHUA,176,0.004544046266652897,16,False,False
ZHENG T,ZHENG TAO,176,0.004544046266652897,16,False,False
KAUR M,KAUR MANNAT,175,0.0045182278219560055,71,False,False
LEE S,LEE SOOHWAN,171,0.00441495404316844,34,False,False
SONG KS,SONG KI-SANG,171,0.00441495404316844,34,False,False
SHEN S,SHEN SHENG,170,0.004389135598471548,9,False,False
JIANG S,JIANG SHIYAN,168,0.004337498709077765,9,False,False
LI J,LI JINGFEI,166,0.004285861819683982,26,False,False
LI M,LI MENGNAN,166,0.004285861819683982,26,False,False
ZHOU H,ZHOU HONGQIAN,166,0.004285861819683982,26,True,False
YAN Y,YAN YU,164,0.004234224930290199,44,False,False
LI S,LI SHAN,158,0.004079314262108851,38,False,False
PATEL K,PATEL KAUSHANI,158,0.004079314262108851,28,False,False
LI X,LI XUDONG,154,0.003976040483321285,19,False,False
LIU R,LIU RUNZE,154,0.003976040483321285,19,False,False
ZHANG Y,ZHANG YINGYING,154,0.003976040483321285,19,False,False
ZHU H,ZHU HAOGANG,154,0.003976040483321285,19,False,False
ZHU T,ZHU TONGYU,154,0.003976040483321285,19,False,False
ZHANG Y,ZHANG YIZHOU,153,0.003950222038624393,37,False,False
ZHANG Z,ZHANG ZAIXI,150,0.003872766704533719,42,False,False
JIN J,JIN JENNIFER,150,0.003872766704533719,24,False,False
YU Z,YU ZHIXIN,150,0.003872766704533719,24,False,False
ROBINSON R,ROBINSON REBECCA,149,0.0038469482598368276,12,False,False
LIN KY,LIN KUO-YI,145,0.0037436744810492614,29,True,False
LI X,LI XING,135,0.003485490034080347,14,False,False
ALI A,ALI ASMAR,132,0.0034080346999896725,20,False,False
FANG Y,FANG YING,130,0.0033563978105958896,15,False,False
GAO W,GAO WEI,129,0.0033305793658989983,20,False,False
LIU X,LIU XINGYU,129,0.0033305793658989983,20,False,False
HUANG S,HUANG SARAH,127,0.0032789424765052155,43,False,False
SUN Y,SUN YINGGANG,127,0.0032789424765052155,43,False,False
YU X,YU XIANGZHAN,127,0.0032789424765052155,43,False,False
ZHANG Z,ZHANG ZHAO,123,0.0031756686977176497,10,False,False
ZHOU Y,ZHOU YI,123,0.0031756686977176497,10,False,False
SMITH J,SMITH JUSTIN,119,0.0030723949189300835,7,False,False
YANG Z,YANG ZIYI,113,0.002917484250748735,71,False,False
LI J,LI JIEYING,111,0.002865847361354952,15,False,False
LIU J,LIU JIAHUA,111,0.002865847361354952,15,False,False
LIU Y,LIU YICHEN,111,0.002865847361354952,15,False,False
WANG J,WANG JIAYI,108,0.0027883920272642774,10,False,False
LIN Y,LIN YUFENG,106,0.0027367551378704945,27,False,False
LI S,LI SHUYI,106,0.0027367551378704945,20,False,False
ZHANG H,ZHANG HAN,106,0.0027367551378704945,20,False,False
CHEN M,CHEN MANTUN,104,0.0026851182484767117,30,False,False
YAN Z,YAN ZHENG,104,0.0026851182484767117,30,False,False
KUMAR A,KUMAR AMRUTH,104,0.0026851182484767117,15,False,False
YANG J,YANG JIZE,102,0.0026334813590829288,13,False,False
ZHANG Z,ZHANG ZHANWEN,102,0.0026334813590829288,13,False,False
SATO M,SATO MITSUHIRO,102,0.0026334813590829288,5,False,False
ZHANG S,ZHANG SHAOJUN,95,0.0024527522462046885,19,False,False
ZHOU Y,ZHOU YAXIN,95,0.0024527522462046885,19,False,False
BARNES T,BARNES TIMOTHY,93,0.0024011153568109056,11,False,False
WANG C,WANG CHENYU,87,0.002246204688629557,6,False,False
WANG Y,WANG YUHE,85,0.002194567799235774,5,False,False
YAN Y,YAN YUROU,85,0.002194567799235774,5,False,False
YU S,YU SHUFAN,85,0.002194567799235774,5,True,False
ZHANG H,ZHANG HAIPING,83,0.002142930909841991,27,False,False
WANG R,WANG RICHERT,78,0.0020138386863575337,19,False,False
LIU C,LIU CHARLIE,78,0.0020138386863575337,5,False,False
LI J,LI JIAHENG,77,0.0019880202416606425,10,False,False
XU Z,XU ZHI,77,0.0019880202416606425,10,False,False
WANG X,WANG XINCHAO,72,0.001858928018176185,13,False,False
ZHANG H,ZHANG HAIFENG,72,0.001858928018176185,13,False,False
ZHOU H,ZHOU HAOYU,72,0.001858928018176185,13,False,False
ZHOU Y,ZHOU YUSHAN,72,0.001858928018176185,13,False,False
WANG A,WANG APRIL,68,0.0017556542393886193,19,False,False
GAO Z,GAO ZHIKAI,68,0.0017556542393886193,6,False,False
LIU F,LIU FENG,68,0.0017556542393886193,6,False,False
CHEN L,CHEN LIUQIAO,67,0.0017298357946917277,20,False,False
CHEN Y,CHEN YING,67,0.0017298357946917277,20,False,False
HUANG Y,HUANG YAN,67,0.0017298357946917277,20,False,False
JIANG Z,JIANG ZHENGLIN,67,0.0017298357946917277,20,False,False
SINGH P,SINGH PAWANJEET,67,0.0017298357946917277,8,False,False
KIM J,KIM JOONYOUNG,52,0.0013425591242383558,3,False,False
LI S,LI SIWEI,52,0.0013425591242383558,3,False,False
XU Z,XU ZICHEN,51,0.0013167406795414644,17,False,False
PARK H,PARK HYUNJUN,51,0.0013167406795414644,6,False,False
GONG D,GONG DONG,50,0.001290922234844573,10,False,False
LIU D,LIU DAIJIAO,50,0.001290922234844573,10,False,False
HUANG W,HUANG WANRONG,48,0.00123928534545079,12,True,False
LI S,LI SHIJIE,48,0.00123928534545079,12,False,False
TANG Y,TANG YUHUA,48,0.00123928534545079,12,False,False
YANG S,YANG SHAOWU,48,0.00123928534545079,12,False,False
HERNANDEZ D,HERNANDEZ DAVID,47,0.0012134669007538986,21,False,False
LI Y,LI YANYAN,47,0.0012134669007538986,21,False,False
YUAN J,YUAN JIAWEI,47,0.0012134669007538986,21,False,False
MILLS C,MILLS CAITLIN,46,0.0011876484560570072,6,True,False
WANG Z,WANG ZUXIN,45,0.0011618300113601157,5,False,False
ZHOU Z,ZHOU ZHENGYI,45,0.0011618300113601157,5,False,False
GREEN N,GREEN NICK,43,0.0011101931219663329,8,False,False
LEVINE S,LEVINE STACEY,42,0.0010843746772694412,18,False,False
CHEN L,CHEN LIJIA,42,0.0010843746772694412,7,False,False
FENG C,FENG CHENGXIN,42,0.0010843746772694412,7,False,False
KANG X,KANG XURAN,42,0.0010843746772694412,7,False,False
PAN Y,PAN YAN,42,0.0010843746772694412,7,False,False
SHEN Y,SHEN YAYUE,42,0.0010843746772694412,7,False,False
LI B,LI BIN,39,0.0010069193431787669,2,False,False
CHEN L,CHEN LUJIE,35,0.0009036455643912011,8,False,False
LI S,LI SHENGLIN,35,0.0009036455643912011,8,False,False
WU M,WU MENGQIAN,32,0.0008261902303005267,3,False,False
LEE D,LEE DONGHO,32,0.0008261902303005267,2,False,False
YU M,YU MATTHEW,32,0.0008261902303005267,2,False,False
SMITH S,SMITH SPENCER,30,0.0007745533409067438,14,False,False
WANG M,WANG MIAOXIN,28,0.0007229164515129609,7,False,False
SOLOMON B,SOLOMON BRIDGET,28,0.0007229164515129609,1,False,False
WANG W,WANG WENCHANG,27,0.0006970980068160694,24,False,False
LU X,LU XIQIN,27,0.0006970980068160694,9,False,False
HUANG W,HUANG WANJU,27,0.0006970980068160694,3,False,False
ZHAO L,ZHAO LAN,27,0.0006970980068160694,3,False,False
LI C,LI CAROL,25,0.0006454611174222865,7,False,False
PARK SM,PARK SU MIN,25,0.0006454611174222865,7,False,False
YAN L,YAN LISA,25,0.0006454611174222865,7,False,False
MILLS C,MILLS CHRISTOPHER,24,0.000619642672725395,7,False,False
DU H,DU HANXIANG,24,0.000619642672725395,4,False,False
LIN K,LIN KAI,24,0.000619642672725395,3,False,False
LODI M,LODI MALIHA,24,0.000619642672725395,3,False,False
ZHANG K,ZHANG KEVIN,24,0.000619642672725395,3,False,False
LIU Y,LIU YUDONG,23,0.0005938242280285036,3,False,False
WU Z,WU ZHIQIANG,22,0.0005680057833316121,22,False,False
LIN KY,LIN KUAN-YEH,22,0.0005680057833316121,6,False,False
BANSAL A,BANSAL AJAY,21,0.0005421873386347206,3,False,False
LIU Q,LIU QIAN,20,0.0005163688939378292,6,False,False
YANG Z,YANG ZHENYAN,20,0.0005163688939378292,6,False,False
LIU J,LIU JACK,20,0.0005163688939378292,5,False,False
YANG Y,YANG YOONSEOK,20,0.0005163688939378292,5,False,False
TAYLOR B,TAYLOR BLAIR,19,0.0004905504492409377,5,False,False
LI S,LI SIGENG,18,0.0004647320045440463,9,False,False
LI Y,LI YUAN,18,0.0004647320045440463,9,False,False
XIAO Y,XIAO YIFEI,18,0.0004647320045440463,9,False,False
GAO Y,GAO YING,18,0.0004647320045440463,1,False,False
WU H,WU HAO,18,0.0004647320045440463,1,False,False
WU X,WU XIAOLING,18,0.0004647320045440463,1,False,False
GUPTA A,GUPTA ANISHA,15,0.0003872766704533719,2,False,False
YU S,YU SHIZHONG,10,0.0002581844469689146,5,False,False
GUO S,GUO SIQI,10,0.0002581844469689146,4,False,False
TANG Z,TANG ZHIHAO,10,0.0002581844469689146,4,False,False
SMITH G,SMITH GILLIAN,8,0.00020654755757513167,20,False,False
PRABAWANTO S,PRABAWANTO S,4,0.00010327377878756583,12,True,False
ZHANG S,ZHANG SHANJUN,4,0.00010327377878756583,4,False,False
LI W,LI WANLU,0,0.0,20,False,False
PRABAWANTO S,PRABAWANTO SUFYANI,0,0.0,1,False,False
