unit,item,full_name,doi,raw_degree,degree,references,degree_definition,degree_calculation
Documents,"BERNSTEIN S, 2025, Proc. 25TH KOLI Call. Int. Conf. Comput. Educ. Res.",,10.1145/3769994.3770036,2221,1.0,253,Weighted bibliographic-coupling degree: total shared-reference connection weight for the entity.,degree = raw_degree / maximum raw_degree within the same unit of analysis.
Documents,"PRATHER J, 2025, ANNU CONF INNOV TECHNOL COMPUT SCI EDUC ITICSE",,10.1145/3689187.3709614,2103,0.9468707789284107,163,Weighted bibliographic-coupling degree: total shared-reference connection weight for the entity.,degree = raw_degree / maximum raw_degree within the same unit of analysis.
Documents,"PRATHER J, 2024, ICER - ACM CONF INT COMPUT EDUC RES",,10.1145/3632620.3671116,1707,0.7685727149932463,73,Weighted bibliographic-coupling degree: total shared-reference connection weight for the entity.,degree = raw_degree / maximum raw_degree within the same unit of analysis.
Documents,"KAZEMITABAAR M, 2025, INT CONF INTELL USER INTERFACES PROC IUI",,10.1145/3708359.3712104,1602,0.7212967131922557,121,Weighted bibliographic-coupling degree: total shared-reference connection weight for the entity.,degree = raw_degree / maximum raw_degree within the same unit of analysis.
Documents,"KIMMEL B, 2024, CONF HUM FACT COMPUT SYST PROC",,10.1145/3613905.3647967,1462,0.6582620441242684,31,Weighted bibliographic-coupling degree: total shared-reference connection weight for the entity.,degree = raw_degree / maximum raw_degree within the same unit of analysis.
Documents,"PRATHER J, 2023, ACM TRANS COMPUT-HUM INTERACT",,10.1145/3617367,1433,0.645204862674471,109,Weighted bibliographic-coupling degree: total shared-reference connection weight for the entity.,degree = raw_degree / maximum raw_degree within the same unit of analysis.
Documents,"AGBO FJ, 2025, COMPUT EDUC OPEN",,10.1016/j.caeo.2025.100266,1428,0.6429536244934714,91,Weighted bibliographic-coupling degree: total shared-reference connection weight for the entity.,degree = raw_degree / maximum raw_degree within the same unit of analysis.
Documents,"KAZEMITABAAR M, 2024, CONF HUM FACT COMPUT SYST PROC",,10.1145/3613904.3642773,1358,0.6114362899594777,63,Weighted bibliographic-coupling degree: total shared-reference connection weight for the entity.,degree = raw_degree / maximum raw_degree within the same unit of analysis.
Documents,"LEHTINEN T, 2024, PROC INT CONF SOFTWARE ENG",,10.1145/3639474.3640058,1291,0.5812696983340837,54,Weighted bibliographic-coupling degree: total shared-reference connection weight for the entity.,degree = raw_degree / maximum raw_degree within the same unit of analysis.
Documents,"PWANEDO AMOS J, 2025, IEEE ACCESS",,10.1109/access.2025.3554627,1265,0.5695632597928861,130,Weighted bibliographic-coupling degree: total shared-reference connection weight for the entity.,degree = raw_degree / maximum raw_degree within the same unit of analysis.
Authors,DENNY P,DENNY PAUL,,38732,1.0,2073,Weighted bibliographic-coupling degree: total shared-reference connection weight for the entity.,degree = raw_degree / maximum raw_degree within the same unit of analysis.
Authors,LEINONEN J,LEINONEN JUHO,,35400,0.9139729422699576,1671,Weighted bibliographic-coupling degree: total shared-reference connection weight for the entity.,degree = raw_degree / maximum raw_degree within the same unit of analysis.
Authors,LUXTON-REILLY A,LUXTON-REILLY ANDREW,,34958,0.9025611897139316,2059,Weighted bibliographic-coupling degree: total shared-reference connection weight for the entity.,degree = raw_degree / maximum raw_degree within the same unit of analysis.
Authors,PRATHER J,PRATHER JAMES,,32904,0.8495301043065165,1316,Weighted bibliographic-coupling degree: total shared-reference connection weight for the entity.,degree = raw_degree / maximum raw_degree within the same unit of analysis.
Authors,MACNEIL S,MACNEIL STEPHEN,,31576,0.8152432097490447,1385,Weighted bibliographic-coupling degree: total shared-reference connection weight for the entity.,degree = raw_degree / maximum raw_degree within the same unit of analysis.
Authors,BECKER BA,BECKER BRETT A,,30300,0.7822988743158112,1475,Weighted bibliographic-coupling degree: total shared-reference connection weight for the entity.,degree = raw_degree / maximum raw_degree within the same unit of analysis.
Authors,SHEARD J,SHEARD JUDY,,26983,0.6966590932562222,1849,Weighted bibliographic-coupling degree: total shared-reference connection weight for the entity.,degree = raw_degree / maximum raw_degree within the same unit of analysis.
Authors,HELLAS A,HELLAS ARTO,,25531,0.6591707115563359,1351,Weighted bibliographic-coupling degree: total shared-reference connection weight for the entity.,degree = raw_degree / maximum raw_degree within the same unit of analysis.
Authors,REEVES BN,REEVES BRENT N,,21412,0.55282453784984,626,Weighted bibliographic-coupling degree: total shared-reference connection weight for the entity.,degree = raw_degree / maximum raw_degree within the same unit of analysis.
Authors,PORTER L,PORTER LEO,,17962,0.46375090364556437,610,Weighted bibliographic-coupling degree: total shared-reference connection weight for the entity.,degree = raw_degree / maximum raw_degree within the same unit of analysis.
Sources,ACM TRANS. COMPUT. EDUC,,,6219,1.0,10035,Weighted bibliographic-coupling degree: total shared-reference connection weight for the entity.,degree = raw_degree / maximum raw_degree within the same unit of analysis.
Sources,ACM INTERNATIONAL CONFERENCE PROCEEDING SERIES,,,3965,0.6375623090529023,1101,Weighted bibliographic-coupling degree: total shared-reference connection weight for the entity.,degree = raw_degree / maximum raw_degree within the same unit of analysis.
Sources,"ANNUAL CONFERENCE ON INNOVATION AND TECHNOLOGY IN COMPUTER SCIENCE EDUCATION, ITICSE",,,3664,0.58916224473388,866,Weighted bibliographic-coupling degree: total shared-reference connection weight for the entity.,degree = raw_degree / maximum raw_degree within the same unit of analysis.
Sources,IEEE ACCESS,,,3192,0.513265798359865,1246,Weighted bibliographic-coupling degree: total shared-reference connection weight for the entity.,degree = raw_degree / maximum raw_degree within the same unit of analysis.
Sources,"PROCEEDINGS - FRONTIERS IN EDUCATION CONFERENCE, FIE",,,2698,0.4338318057565525,934,Weighted bibliographic-coupling degree: total shared-reference connection weight for the entity.,degree = raw_degree / maximum raw_degree within the same unit of analysis.
Sources,PROCEEDINGS OF THE 25TH KOLI CALLING INTERNATIONAL CONFERENCE ON COMPUTING EDUCATION RESEARCH,,,2490,0.4003859141341052,638,Weighted bibliographic-coupling degree: total shared-reference connection weight for the entity.,degree = raw_degree / maximum raw_degree within the same unit of analysis.
Sources,PROCEEDINGS OF THE 2026 CHI CONFERENCE ON HUMAN FACTORS IN COMPUTING SYSTEMS,,,2479,0.3986171410194565,1075,Weighted bibliographic-coupling degree: total shared-reference connection weight for the entity.,degree = raw_degree / maximum raw_degree within the same unit of analysis.
Sources,CONFERENCE ON HUMAN FACTORS IN COMPUTING SYSTEMS - PROCEEDINGS,,,2356,0.37883904164656695,553,Weighted bibliographic-coupling degree: total shared-reference connection weight for the entity.,degree = raw_degree / maximum raw_degree within the same unit of analysis.
Sources,ACM TRANSACTIONS ON COMPUTING EDUCATION,,,2340,0.37626628075253254,668,Weighted bibliographic-coupling degree: total shared-reference connection weight for the entity.,degree = raw_degree / maximum raw_degree within the same unit of analysis.
Sources,PROCEEDINGS OF THE 56TH ACM TECHNICAL SYMPOSIUM ON COMPUTER SCIENCE EDUCATION V. 1,,,2163,0.3478051133622769,1091,Weighted bibliographic-coupling degree: total shared-reference connection weight for the entity.,degree = raw_degree / maximum raw_degree within the same unit of analysis.
